,theme,nom_event,adresse,ville,cp,dep,date_d,date_f,site_web
0,Humour et one (wo)man show,Simon cojean,,AURAY -,56400,56,24 June 2026,,
1,Concours de pétanque et de boules,Concours de pétanque à la mêlée,Rue du stade,DAMGAN,56750,56,24 June 2026,,
2,Marchés,Marché hebdomadaire de Guer,Place de l'Hôtel de Ville - BP 36,GUER,56380,56,24 June 2026,,
3,Marchés,Marché du mercredi à Merville,Lorient,LORIENT,56100,56,24 June 2026,,
4,Concerts,Les Transats,Divers lieux 56890 PLESCOP,PLESCOP,56890,56,24 June 2026,,
5,Marchés,Marché de Pont-Scorff,place de la Maison des Princes,PONT-SCORFF,56620,56,24 June 2026,,
6,Marchés,Marché hebdomadaire,près de l'église 56670 RIANTEC,RIANTEC,56670,56,24 June 2026,,
7,Marchés,marché hebdomadaire,Pen Prad Sauzon - 56360,SAUZON,56360,56,24 June 2026,,
8,Marchés,MARCHÉ À SAINTE-ANNE-D’AURAY,face de la mairie,SAINTE-ANNE-D'AURAY,56400,56,24 June 2026,,
9,Marchés bio,Le marché bio,place Notre-Dame Auray,AURAY,56400,56,25 June 2026,,
10,Marchés,Marché du jeudi,Place Notre-Dame Larmor-Plage - 56260,LARMOR-PLAGE,56260,56,25 June 2026,,
11,Marchés bio,MARCHÉ BIO,RESTALGON Le Faouët - 56320,LE FAOUET,56320,56,25 June 2026,,
12,Marchés,Le marché en semaine,"Bains de la Reine 5 Place du Château, 56160 Guémené-sur-Scorff",GUEMENE-SUR-SCORFF,56160,56,25 June 2026,,
13,Bals Danses,Guiscriff Danser le jeudi,"salle La rose des vents Beg ar Marzin, 56560 Guiscriff",GUISCRIFF,56560,56,25 June 2026,,
14,Marchés,Marché hebdomadaire,hennebont,HENNEBONT,56700,56,25 June 2026,,
15,Marchés de Producteurs,Marché de Kernours,"aire de covoiturage de Kernours, 56700 Kervignac",KERVIGNAC,56700,56,25 June 2026,,
16,Marchés,Marché hebdomadaire,place de la mairie 56390 LOCQUELTAS,LOCQUELTAS,56390,56,25 June 2026,,
17,Marchés,Jour du marché - La Roche-Bernard,"rue Saint-James, rue Crespel de Latouche, Place Saint-Michel et rue de Nantes",LA ROCHE-BERNARD,56130,56,25 June 2026,,
18,Marchés,Le marché du jeudi,place Pierre-Le Guen Roudouallec - 56110,ROUDOUALLEC,56110,56,25 June 2026,,
19,Marchés,Les marchés,centre village Surzur - 56450,SURZUR,56450,56,25 June 2026,,
20,Humour et one (wo)man show,Umut koker,,AURAY -,56400,56,26 June 2026,,
21,Marchés de Producteurs,Le marché alimentaire des producteurs locaux,place Notre-Dame Auray,AURAY,56400,56,26 June 2026,,
22,Marchés de Producteurs,les Vendredis,centre-bourg Baden - 56870,BADEN,56870,56,26 June 2026,,
23,Stages Ateliers,A la découverte des oiseaux du Verger et de la vallée du Loc’h !,Saint-Dégan 56400 BRECH,BRECH,56400,56,26 June 2026,,
24,Marchés,MARCHÉ HEBDOMADAIRE,en centre bourg 56870 BADEN,BADEN,56870,56,26 June 2026,,
25,Marchés de Producteurs,marché de producteurs locaux,"Mairie, - 13 place Foch, CS80130",HENNEBONT,56700,56,26 June 2026,,
26,Marchés,Marché du centre-ville,Place de l'Église 56700 Kervignac,KERVIGNAC,56700,56,26 June 2026,,
27,Marchés,Marché de Kervénanec,parking centre commercial de Kervénanec rue Émile-Jouannic Lorient,LORIENT,56100,56,26 June 2026,,
28,Marchés,&#129365; Marché hebdomadaire,centre-ville de Muzillac,MUZILLAC,56190,56,26 June 2026,,
29,Marchés,Marché hebdomadaire,"Place du Marché, entre la mairie et Carrefour Contact.",PLESCOP,56890,56,26 June 2026,,
30,Marchés,Marché hebdomadaire,Place Saint-Mathurin à Quistinic Quistinic,QUISTINIC,56310,56,26 June 2026,,
31,Marchés aux puces,MARCHÉ DU LIVRES ANCIENS ET DE VINYLES,Place Richemont Sarzeau,SARZEAU,56370,56,26 June 2026,,
32,Marchés bio,LE MARCHÉ BIO HEBDOMADAIRE,place de l’église Séné - 56860,SENE,56860,56,26 June 2026,,
33,Concours de pétanque et de boules,Concours de pétanque à la mêlée,Rue du stade,DAMGAN,56750,56,27 June 2026,,
34,Marchés,Marché hebdomadaire,centre de Damgan,DAMGAN,56750,56,27 June 2026,,
35,Marchés,Marché de Férel,Place de la Mairie 56130 Ferel Place de la Mairie 56130 Ferel,FEREL,56130,56,27 June 2026,,
36,"Randonnées, Trail ou Running",TriatBreizh,,INZINZAC-LOCHRIST -,56650,56,27 June 2026,28 June 2026,
37,Marchés de Producteurs,Marché des producteurs à Lochrist,Marché des producteurs à Lochrist,INZINZAC-LOCHRIST,56650,56,27 June 2026,,
38,Marchés,MARCHÉ,Village Josselin,JOSSELIN,56120,56,27 June 2026,,
39,Marchés de Producteurs,marché des producteurs,parking de la mairie de Kergrist (Morbihan).,KERGRIST,56300,56,27 June 2026,,
40,Marchés,Marché Polig-Monjarret,place Polig-Monjarret Lorient,LORIENT,56100,56,27 June 2026,,
41,Marchés,Marché de Chazelles,Kerentrech cours de Chazelles Lorient,LORIENT,56100,56,27 June 2026,,
42,Marchés,Le marché du samedi,Centre village Locmariaquer,LOCMARIAQUER,56740,56,27 June 2026,,
43,Marchés,Marchés de Merville,halles de Merville avenue Anatole-France Lorient,LORIENT,56100,56,27 June 2026,,
44,Marchés,Marché Hebdomadaire de Mauron,Les Halles - Place de l'Église 56430 Mauron,MAURON,56430,56,27 June 2026,,
45,Marchés de Producteurs,Marché,place de l’Église Noyal-Pontivy - 56920,NOYAL-PONTIVY,56920,56,27 June 2026,,
46,Bals Danses,LE VALENTINO,Le Valentino Lieu-Dit Penquelen 56530 Queven,QUEVEN,56530,56,27 June 2026,,
47,Marchés,marché hebdomadaire,parking du centre commercial des Ajoncs d’Or Saint-Nolff - 56250,SAINT-NOLFF,56250,56,27 June 2026,,
48,Marchés,MARCHÉ DU WEEKEND,place Nicolazic,SAINTE-ANNE-D'AURAY,56400,56,27 June 2026,,
49,Humour et one (wo)man show,Yann jamet,,AURAY -,56400,56,28 June 2026,,
50,Marchés,Le marché dominical,place de l’hôtel de ville Saint-Avé - 56890,SAINT-AVE,56890,56,28 June 2026,,
51,Messes,Pardon et fête de Sainte-Barbe au Faouët,Sainte-Barbe &nbsp;,LE FAOUET,56320,56,28 June 2026,,
52,Bals Danses,Guiscriff Danser le dimanche,LA ROSE DES VENTS Guiscriff-Rose des Vents&nbsp;(56)&nbsp;,GUISCRIFF,56560,56,28 June 2026,,
53,Bals Danses,déjeuner Après-midi Dansant,salle La Rose des Vents Guiscriff(56),GUISCRIFF,56560,56,28 June 2026,,
54,Marchés,Marché du dimanche,Place Notre-Dame Larmor-Plage - 56260,LARMOR-PLAGE,56260,56,28 June 2026,,
55,"Randonnées, Trail ou Running",Les randonnées du dimanche avec Muz Les S'Melles,parking de la Médiathèque,MUZILLAC,56190,56,28 June 2026,,
56,Sorties Moto,Motocross National à Mohon,Mohon,MOHON,56490,56,28 June 2026,,
57,Bals Danses,Aprés-midi Dansant,salle La Porte du Golfe Muzillac(56),MUZILLAC,56190,56,28 June 2026,,
58,Marchés,Marché de Pénestin,Rue de l'Eglise 56760 Penestin Rue de l'Eglise 56760 Penestin,PENESTIN,56760,56,28 June 2026,,
59,Bals Danses,Dansez à Pluneret le garden,Pluneret&nbsp;(56),PLUNERET,56400,56,28 June 2026,,
60,Vide-greniers,Vide-greniers et marché aux puces,,PLUNERET -,56400,56,28 June 2026,,
61,Bals Danses,Le Dancing,Le Valentino Lieu-Dit Penquelen 56530 Queven,QUEVEN,56530,56,28 June 2026,,
62,Bals Danses,après-midi dansante,salle discothéque LE VALENTINO Quéven (56),QUEVEN,56530,56,28 June 2026,,
63,Marchés de Producteurs,marché producteurs locaux,place des Halles Rochefort-en-Terre,ROCHEFORT-EN-TERRE,56220,56,28 June 2026,,
64,Marchés,marché dominical,la place de la Mairie 56450 THEIX-NOYALO,THEIX-NOYALO,56450,56,28 June 2026,,
65,Marchés,Marché de Conleau,rue Odette Josse,VANNES,56000,56,28 June 2026,,
66,Marchés,marché du centre-ville,,AURAY -,56400,56,29 June 2026,,
67,Marchés,Marché de Gourin,Place stenfort 56110 gourin,GOURIN,56110,56,29 June 2026,,
68,Marchés,marché à Penquesten,Penquesten,INZINZAC-LOCHRIST,56650,56,29 June 2026,,
69,Marchés,marché hebdomadaire,Sue la plaine,PONTIVY,56300,56,29 June 2026,,
70,Humour et one (wo)man show,Alexis tramoni,,AURAY -,56400,56,01 July 2026,,
71,Marchés d'été,MARCHÉ GOURMAND & ARTISTIQUE,esplanade André Viant Port Blanc 56870 BADEN,BADEN,56870,56,01 July 2026,,
72,"Randonnées, Trail ou Running",Randonnée découverte d'une journée avec Muz Les S'melles,,MUZILLAC -,56190,56,01 July 2026,,
73,Brocantes,Marché aux livres,Halles Clos des Carmes 56800 Ploërmel,PLOERMEL,56800,56,01 July 2026,,
74,Marchés nocturnes,LES ARTISA'NOZ,1 Rue Du Général De Gaulle PLOUHINEC (56680),PLOUHINEC,56680,56,01 July 2026,,
75,Humour et one (wo)man show,Manu joucia et eric massot,,AURAY -,56400,56,02 July 2026,,
76,Marchés nocturnes,Les Nocturnes: Marchés et Fest Noz,Le Bourg 56340 CARNAC,CARNAC,56340,56,02 July 2026,,
77,Sorties,LES JEUDIS DE L’ÉTÉ,Centre bourg Saint-Avé - 56890,SAINT-AVE,56890,56,02 July 2026,,
78,Concerts,The kids harmony,,VANNES -,56000,56,02 July 2026,,
79,Marchés nocturnes,"Marché Nocturne, le vendredi, en juillet-août, sur le Port du Crouesty",Quais du Port du Crouesty,ARZON,56640,56,03 July 2026,,
80,Marchés de créateurs,Nocturnes des d'artisans,Port du Crouesty Arzon,ARZON,56640,56,03 July 2026,,
81,Humour et one (wo)man show,Paris comedy holiday,,AURAY -,56400,56,03 July 2026,,
82,Salons,Bourses et Salons,"Hennebont (56), maison pour tous",HENNEBONT,56700,56,03 July 2026,,
83,Manifestations Automobiles,Exposition de voitures anciennes,Place du marché,PLOERMEL,56800,56,03 July 2026,,
84,Vide-greniers,Marché des Bouquinistes,Place Hoche 56170 Quiberon,QUIBERON,56170,56,03 July 2026,,
85,Marchés de créateurs,Quai des artistes et artisans d’art,place de l'Eglise Sauzon - 56360,SAUZON,56360,56,03 July 2026,,
86,Fêtes locales,Fete du Moustéro,56190 MUZILLAC,MUZILLAC,56190,56,04 July 2026,,
87,Brocantes,"Marché du livre ancien, de la carte postale ancienne & du disque vinyle",Place de l'Eglise 56610 ARRADON,ARRADON,56610,56,05 July 2026,,
88,Bals Danses,Aprés-midi Dansant,salle La Rose des Vents Guiscriff(56),GUISCRIFF,56560,56,05 July 2026,,
89,Fêtes locales,Fête du Moustéro,Le Moustéro chapelle route de Berric,MUZILLAC,56190,56,05 July 2026,,
90,Bals Danses,Après-midi dansant,salle La Porte du Golfe Muzillac(56),MUZILLAC,56190,56,05 July 2026,,
91,Fêtes,Pardon Chapelle Sainte Noyale,Lesnoyal,QUESTEMBERT,56230,56,05 July 2026,,
92,Bals Danses,thé dansant,salle Le Valentino Quéven(56),QUEVEN,56530,56,05 July 2026,,
93,Marchés d'été,Marché estival,Place des 4 Frères Le Blouch Le Tour-du-Parc - 56370,LE TOUR-DU-PARC,56370,56,05 July 2026,,
94,Marchés de créateurs,Le petit marché de Trého,Place de l’église 56430 Tréhorenteuc,TREHORENTEUC,56430,56,05 July 2026,,
95,Marchés,Marché de Bubry,place Maréchal Franchet d'Esperey et place de l'église,BUBRY,56310,56,06 July 2026,,
96,Marchés,Marché de Bubry,place Maréchal Franchet d'Esperey et place de l'église,BUBRY,56310,56,06 July 2026,,
97,Foires,foire mensuelle,place Richemont Sarzeau - 56370,SARZEAU,56370,56,06 July 2026,,
98,Humour et one (wo)man show,Le diner de cons,,AURAY -,56400,56,07 July 2026,,
99,Marchés bio,Marché Bio à Carnac,place du village de Port-En-Drô,CARNAC,56340,56,07 July 2026,,
100,Théatres,Quasimodo,,AURAY -,56400,56,07 July 2026,,
101,Marchés de créateurs,Marché des créateurs,Rue de la Plage Quartier de la Mine d'Or 56760 Penestin,PENESTIN,56760,56,07 July 2026,,
102,Festivals,Fete du bruit - st nolff - 1 jour,,SAINT-NOLFF -,56250,56,10 July 2026,,
103,Lotos Quines et Rifles,1 er Loto Estival de Damgan,Espace du Loch,DAMGAN,56750,56,11 July 2026,,
104,Fêtes locales,Fête du Vieux Port,Plouhinec&nbsp;(29),PLOUHINEC,56680,56,11 July 2026,,
105,Messes,Pardon de Saint-Nicolas à Gourin,Saint-Nicolas &nbsp;,GOURIN,56110,56,12 July 2026,,
106,Bals Danses,Repas dansant,salle La Rose des Vents Guiscriff(56),GUISCRIFF,56560,56,12 July 2026,,
107,Vide-greniers,Vide-greniers,"site de la chapelle du Guelhouit, 56310, Melrand",MELRAND,56310,56,12 July 2026,,
108,Bals Danses,après-midi dansante,salle La Porte du Golfe Muzillac(56),MUZILLAC,56190,56,12 July 2026,,
109,Bals Danses,Aprés-midi Dansant,salle discothéque LE VALENTINO Quéven (56),QUEVEN,56530,56,12 July 2026,,
110,Festivals,Fete du bruit dans st nolff - 3 jours,,SAINT-NOLFF -,56250,56,12 July 2026,,
111,Marchés de créateurs,marché des arts,place de l’église Séné - 56860,SENE,56860,56,12 July 2026,,
112,Feux d'artifice,Feu d'artifice fete nationale,Auray,AURAY,56400,56,13 July 2026,,
113,Feux d'artifice,Bal et feu d'artifice,,BERRIC -,56230,56,13 July 2026,,
114,Feux d'artifice,Feu d'artifice fete nationale,Baud,BAUD,56150,56,13 July 2026,,
115,Feux d'artifice,Feu d'artifice fete nationale,Camors,CAMORS,56330,56,13 July 2026,,
116,Feux d'artifice,Feu d'artifice fete nationale,Cléguérec,CLEGUEREC,56480,56,13 July 2026,,
117,Festivals,Les Assembllées Galèzes,Place de l'Audience 56430 Concoret,CONCORET,56430,56,13 July 2026,,
118,Feux d'artifice,feu d’artifice,La plage Damgan,DAMGAN,56750,56,13 July 2026,,
119,Feux d'artifice,Feu d'artifice fete nationale,Erdeven,ERDEVEN,56410,56,13 July 2026,,
120,Feux d'artifice,Feu d’artifice,salle Polyvalente – route d’Assérac Férel - 56130,FEREL,56130,56,13 July 2026,,
121,Feux d'artifice,FEU D’ARTIFICE,Lohic Gâvres – Port-Louis,GAVRES,56290,56,13 July 2026,,
122,Feux d'artifice,Feu d'artifice fete nationale,Gourin,GOURIN,56110,56,13 July 2026,,
123,Feux d'artifice,Feu d'artifice fete nationale,Guémené-sur-Scorff,GUEMENE-SUR-SCORFF,56160,56,13 July 2026,,
124,Feux d'artifice,feu d’artifice,Inzinzac-Lochrist ile Locastel,INZINZAC-LOCHRIST,56650,56,13 July 2026,,
125,Feux d'artifice,Feu d'artifice fete nationale,Lanester,LANESTER,56600,56,13 July 2026,,
126,Feux d'artifice,En attendant le feu... à Limerzel,Salle polyvalente,LIMERZEL,56220,56,13 July 2026,,
127,Feux d'artifice,Feu d'artifice fete nationale,Langoëlan,LANGOELAN,56160,56,13 July 2026,,
128,Feux d'artifice,Feu d'artifice fete nationale,Lanvénégen,LANVENEGEN,56320,56,13 July 2026,,
129,Feux d'artifice,Feu d’artifice,Port Larmor-Baden,LARMOR-BADEN,56870,56,13 July 2026,,
130,Feux d'artifice,Feu d’artifice,Place Anne de Bretagne,LOCMINE,56500,56,13 July 2026,,
131,Feux d'artifice,Feu d'artifice et bal populaire - Molac,Le bourg,MOLAC,56230,56,13 July 2026,,
132,Feux d'artifice,Feu d'artifice fete nationale,Lorient,LORIENT,56100,56,13 July 2026,,
133,Feux d'artifice,"Repas, bal et feu d'artifice",Centre-ville,MUZILLAC,56190,56,13 July 2026,,
134,Feux d'artifice,Feu d’artifice,Village Melrand,MELRAND,56310,56,13 July 2026,,
135,Feux d'artifice,Feu d'artifice fete nationale,Plouharnel,PLOUHARNEL,56340,56,13 July 2026,,
136,Feux d'artifice,Feu d'artifice fete nationale,Questembert,QUESTEMBERT,56230,56,13 July 2026,,
137,Feux d'artifice,Feu d'artifice fete nationale,Rohan,ROHAN,56580,56,13 July 2026,,
138,Feux d'artifice,Feu d’artifice,Saint Nolff stade de foot,SAINT-NOLFF,56250,56,13 July 2026,,
139,Feux d'artifice,Feu d'artifice fete nationale,Séné,SENE,56860,56,13 July 2026,,
140,Feux d'artifice,Feu d'artifice fete nationale,Vannes,VANNES,56000,56,13 July 2026,,
141,Concerts,Festivités du 14 Juillet à Arzon,Port du Crouesty 56640 ARZON,ARZON,56640,56,14 July 2026,,
142,Brocantes,Foire à la Brocante de St Goustan - 14 Juillet,Quai Benjamin Franklin Port de St Goustan,AURAY,56400,56,14 July 2026,,
143,Brocantes,Brocante,,AURAY -,56400,56,14 July 2026,,
144,Feux d'artifice,Feu d'artifice :,,CARNAC -,56340,56,14 July 2026,,
145,Fêtes locales,Vannes Les Fêtes Historiques,Centre ville Vannes,VANNES,56000,56,14 July 2026,,
146,Feux d'artifice,Fête Nationale du 14 juillet,,BADEN -,56870,56,14 July 2026,,
147,Feux d'artifice,Feu d'artifice fete nationale,Billiers,BILLIERS,56190,56,14 July 2026,,
148,Marchés aux puces,troc et pucesTroc et Puces de l'ES Crac'h,rue du Stade,CRACH,56950,56,14 July 2026,,
149,Fêtes locales,Fête des sauveteurs,pénerf,DAMGAN,56750,56,14 July 2026,,
150,Feux d'artifice,Feu d'artifice fete nationale,Le Faouët,LE FAOUET,56320,56,14 July 2026,,
151,Fêtes médiévales,Fête et Marché médiéval,Josselin,JOSSELIN,56120,56,14 July 2026,,
152,Feux d'artifice,Feu d'artice du 14 Juillet,Quai fluvial 56120 Josselin,JOSSELIN,56120,56,14 July 2026,,
153,Feux d'artifice,Feu d'artifice fete nationale,le Blavet à Pont-Augan,LANGUIDIC,56440,56,14 July 2026,,
154,Feux d'artifice,Feu d'artifice fete nationale,Locmariaquer,LOCMARIAQUER,56740,56,14 July 2026,,
155,Feux d'artifice,FÊTE DU 14 JUILLET,"Terrain de la plage, Locoal",LOCOAL-MENDON,56550,56,14 July 2026,,
156,Feux d'artifice,Feu d'artifice fete nationale,Malestroit,MALESTROIT,56140,56,14 July 2026,,
157,Bals Danses,"Bal populaire, repas et feu d'artifice",Centre bourg,NOYAL-MUZILLAC,56190,56,14 July 2026,,
158,Evènements,Cérémonie du 14 Juillet,Rue de la Plage Quartier de la Mine d'Or 56760 Penestin,PENESTIN,56760,56,14 July 2026,,
159,Feux d'artifice,Feu d artifice musical pour le 14 Juillet,Rue de la Plage Quartier de la Mine d'Or 56760 Penestin,PENESTIN,56760,56,14 July 2026,,
160,Feux d'artifice,Feu d’artifice,Ploermel place de la gare,PLOERMEL,56800,56,14 July 2026,,
161,Vide-greniers,"Vide-greniers, bal et feu d'artifice",Saint-Nicolas-des-Eaux Promenade des Estivants 56930 Pluméliau-Bieuzy,PLUMELIAU,56930,56,14 July 2026,,
162,Vide-greniers,Vide-greniers,Promenade des Estivants Saint-Nicolas-des-Eaux Pluméliau-Bieuzy Morbihan Bretagne,PLUMELIAU,56930,56,14 July 2026,,
163,Feux d'artifice,Feu d'artifice fete nationale,Pluvigner,PLUVIGNER,56330,56,14 July 2026,,
164,Feux d'artifice,Feu d'artifice fete nationale,Pontivy,PONTIVY,56300,56,14 July 2026,,
165,Vide-greniers,Vide-greniers et marché aux puces,,RIANTEC -,56670,56,14 July 2026,,
166,Feux d'artifice,Feu d'artifice fete nationale,Quiberon,QUIBERON,56170,56,14 July 2026,,
167,Marchés de potiers,ROCHEFORT EN TERRE Marché de potiers,château de Rochefort-en-Terre,ROCHEFORT-EN-TERRE,56220,56,14 July 2026,,
168,Feux d'artifice,Feu d'artifice,village Place des Trinitaires,SARZEAU,56370,56,14 July 2026,,
169,Feux d'artifice,Feu d'artifice fete nationale,Vannes,VANNES,56000,56,14 July 2026,,
170,Marchés nocturnes,Marché Artisanal Nocturne Estival,centre de Damgan,DAMGAN,56750,56,15 July 2026,,
171,Bals Danses,Initiations à la danse Bretonne au Faouët,Les Halles 56320 LE FAOUET,LE FAOUET,56320,56,16 July 2026,,
172,Humour et one (wo)man show,Jamais le deuxieme soir,,AURAY -,56400,56,17 July 2026,,
173,Bals Danses,Aprés-midi Dansant,salle Kasino Larmor-Plage(56),LARMOR-PLAGE,56260,56,17 July 2026,,
174,Théatres,Les adoleschiants,,AURAY -,56400,56,17 July 2026,,
175,Lotos Quines et Rifles,2 ème Loto Estival de Damgan,Espace du Loch,DAMGAN,56750,56,17 July 2026,,
176,Bals Danses,Aprés-midi Dansant,salle Kasino Larmor-Plage(56),LARMOR-PLAGE,56260,56,18 July 2026,,
177,Concours de pétanque et de boules,Concours de Palets en Doublette,Site des Marais de Glénac,GLENAC,56200,56,18 July 2026,,
178,Fêtes locales,fête des marais,Site des Marais de Glénac,GLENAC,56200,56,18 July 2026,,
179,Feux d'artifice,Feu d'artifice fete nationale,Péaule,PEAULE,56130,56,18 July 2026,,
180,Marchés de potiers,Marché de potiers Sarzeau,site de Pépiterre rue du Bindo,SARZEAU,56370,56,18 July 2026,,
181,Evènements,Retransmission Finale Coupe du Monde de Football sur Ecran Géant,,DAMGAN -,56750,56,19 July 2026,20 July 2026,
182,Messes,Pardon de Sainte-Julienne à Gourin,Sainte-Julienne &nbsp;,GOURIN,56110,56,19 July 2026,,
183,Bals Danses,Aprés-midi Dansant,salle La Rose des Vents Guiscriff(56),GUISCRIFF,56560,56,19 July 2026,,
184,Bals Danses,thé dansant,salle La Porte du Golfe Muzillac(56),MUZILLAC,56190,56,19 July 2026,,
185,Bals Danses,Aprés-midi Dansant,salle discothéque LE VALENTINO Quéven (56),QUEVEN,56530,56,19 July 2026,,
186,Fêtes locales,Fête de la crêpe,Tronjoly Gourin Morbihan Bretagne,GOURIN,56110,56,25 July 2026,26 July 2026,
187,Feux d'artifice,Fête de Priziac,Chapelle de Priziac Priziac 56230 LE COURS,LE COURS,56230,56,25 July 2026,,
188,Messes,Pardon de Saint-Guénolé à Gourin,Saint-Guénolé &nbsp;,GOURIN,56110,56,25 July 2026,,
189,Fêtes locales,Fete de la crepe à Gourin,Tronjoly 56110 GOURIN,GOURIN,56110,56,25 July 2026,,
190,Evènements Country,Festival de danse en ligne,,PLUMELEC -,56420,56,25 July 2026,26 July 2026,
191,Evènements,Pardon et fetes de la Madeleine à Priziac,La Madeleine 56320 PRIZIAC,PRIZIAC,56320,56,25 July 2026,,
192,Bals Danses,dejeuner dansant,salle La Rose des Vents Guiscriff(56),GUISCRIFF,56560,56,26 July 2026,,
193,Bals Danses,Aprés-midi Dansant,salle La Porte du Golfe Muzillac(56),MUZILLAC,56190,56,26 July 2026,,
194,Bals Danses,Après-midi dansant,salle discothéque LE VALENTINO Quéven (56),QUEVEN,56530,56,26 July 2026,,
195,Messes,Pardon de Sainte-Anne d'Auray,Sainte-Anne d'Auray,SAINTE-ANNE-D'AURAY,56400,56,26 July 2026,,
196,Bals Danses,Soirée dansante,salle Kasino Vannes(56),VANNES,56000,56,31 July 2026,,
197,Festivals,Festival Interceltique Lorient,56100 Lorient,LORIENT,56100,56,31 July 2026,09 August 2026,
198,Bals Danses,Soirée dansante,salle Kasino Vannes(56),VANNES,56000,56,01 August 2026,,
199,Lotos Quines et Rifles,3ème Loto Estival,Espace du Loch,DAMGAN,56750,56,01 August 2026,,
200,Annonces cyclistes et cyclosportives,Course cycliste de Toul an Chy à Gourin,,GOURIN -,56110,56,01 August 2026,,
201,Concerts,Lorient,,LORIENT -,56100,56,01 August 2026,,
202,Fêtes locales,LA FÊTE DES BATTAGES,56870 Baden,BADEN,56870,56,02 August 2026,,
203,Bals Danses,Repas dansant,salle La Rose des Vents Guiscriff(56),GUISCRIFF,56560,56,02 August 2026,,
204,Bals Danses,Après-midi dansant,salle La Porte du Golfe Muzillac(56),MUZILLAC,56190,56,02 August 2026,,
205,Bals Danses,Aprés-midi Dansant,salle discothéque LE VALENTINO Quéven (56),QUEVEN,56530,56,02 August 2026,,
206,Marchés de potiers,L'été des potiers,Esplanade Simone Veil,VANNES,56000,56,05 August 2026,06 August 2026,
207,Lotos Quines et Rifles,4 ème Loto Estival animé par Marie JP et son équipe,Espace du Loch,DAMGAN,56750,56,06 August 2026,,
208,Théatres,La grève du sexe,14 avenue du lieutenant colonel maury,VANNES,56000,56,06 August 2026,29 August 2026,
209,Bals Danses,Soirée dansante,salle Kasino Quiberon(56),QUIBERON,56170,56,07 August 2026,,
210,Manifestations Automobiles,US Cars and Bikes,Pont Scorff Place de la Maison des Princes,PONT-SCORFF,56620,56,08 August 2026,,
211,Fêtes locales,Fête du Thon,Etel(56410) - Morbihan -,ETEL,56410,56,09 August 2026,,
212,Bals Danses,Après-midi dansant,salle La Porte du Golfe Muzillac(56),MUZILLAC,56190,56,09 August 2026,,
213,Fêtes locales,Fete de la Mer au Tour du Parc,Pencadenic 56370 LE TOUR DU PARC,LE TOUR-DU-PARC,56370,56,09 August 2026,,
214,Feux d'artifice,Feu d'artifice,Arzal,ARZAL,56190,56,15 August 2026,,
215,Feux d'artifice,Festivités du 15 Août à Arzon,Port Crouesty et Port Navalo 56640 ARZON,ARZON,56640,56,15 August 2026,,
216,Brocantes,Foire à la Brocante de St Goustan - 15 août,Quai Benjamin Franklin Port de St Goustan,AURAY,56400,56,15 August 2026,,
217,Fêtes locales,FÊTE DES JUMEAUX,Village Pleucadeuc - 56140,PLEUCADEUC,56140,56,15 August 2026,,
218,Fêtes locales,Fête de la Rivière,Place des Thoniers 56410 ETEL,ETEL,56410,56,15 August 2026,,
219,Fêtes locales,Fete du Grand Pont,Le Grand Pont 56320 LE FAOUET,LE FAOUET,56320,56,15 August 2026,,
220,Messes,Pardon de Mousterien,Mousterien &nbsp;,GOURIN,56110,56,15 August 2026,,
221,Fêtes locales,Pardon&nbsp;Notre-Dame de Quelven,Guern,GUERN,56310,56,15 August 2026,,
222,Feux d'artifice,Feu d'artifice,Locmariaquer,LOCMARIAQUER,56740,56,15 August 2026,,
223,Vide-greniers,Vide-greniers et marché aux puces,,MONTERTELOT -,56800,56,15 August 2026,,
224,Fêtes locales,Pardon de la Madone des Motards,Porcaro,PORCARO,56380,56,15 August 2026,,
225,Feux d'artifice,Fête du 15 août - Quiberon,Fort Neuf Port Haliguen,QUIBERON,56170,56,15 August 2026,,
226,Vide-greniers,Vide-greniers et marché aux puces,,RIANTEC -,56670,56,15 August 2026,,
227,Brocantes,Brocante 15 aout,Clos Claret Sarzeau,SARZEAU,56370,56,15 August 2026,,
228,Feux d'artifice,50ème fricassée de Ruffiac,Complexe sportif,RUFFIAC,56140,56,15 August 2026,,
229,Vide-greniers,Vide-greniers et marché aux puces,,SAINT-AIGNAN -,56480,56,15 August 2026,,
230,Vide-greniers,Puces de Mer,Terre plein de la Capitainerie,LA TRINITE-SUR-MER,56470,56,15 August 2026,,
231,Feux d'artifice,Fête du 15 août,Le port 56470 LA TRINITE SUR MER,LA TRINITE-SUR-MER,56470,56,15 August 2026,,
232,Fêtes locales,Fêtes d Arvor Vannes,,VANNES -,56000,56,15 August 2026,,
233,Fêtes locales,Pardon Notre-Dame de La Tronchaye,Rochefort-en-Terre,ROCHEFORT-EN-TERRE,56220,56,16 August 2026,,
234,Fêtes,pardon de Cran,Cran,TREFFLEAN,56250,56,16 August 2026,,
235,Fêtes locales,Fête des Battages et des Vieux métiers,SAINT-NICOLAS-DU-TERTRE,SAINT-NICOLAS-DU-TERTRE,56910,56,16 August 2026,,
236,Lotos Quines et Rifles,5 ème Loto Estival,Espace du Loch,DAMGAN,56750,56,22 August 2026,,
237,Fêtes locales,Fete de l'andouille,56160 GUEMENE SUR SCORFF,GUEMENE-SUR-SCORFF,56160,56,22 August 2026,23 August 2026,
238,Festivals,Festival les Galettes du Monde,56400 STE ANNE D'AURAY,SAINTE-ANNE-D'AURAY,56400,56,22 August 2026,,
239,Vide-greniers,TROC ET PUCES DE SAINT AUBIN,"9, Kervin-Brigitte",CRACH,56950,56,23 August 2026,,
240,Messes,pardon de la chapelle de Saint Aubin,chapelle de Saint Aubin crach,CRACH,56950,56,23 August 2026,,
241,Bals Danses,après-midi dansante,salle discothéque LE VALENTINO Quéven (56),QUEVEN,56530,56,23 August 2026,,
242,Théatres,Le monde de leo,,AURAY -,56400,56,25 August 2026,,
243,Théatres,Ce soir les femmes se lachent,,AURAY -,56400,56,28 August 2026,,
244,Manifestations Automobiles,pardon des camping-caristes,Malestroit - 56140,MALESTROIT,56140,56,29 August 2026,,
245,Messes,Pardon de Saint Nicolas de Guer,Chapelle Saint NICOLAS 56380 Guer,GUER,56380,56,30 August 2026,,
246,Théatres,Voulez vous accoucher avec moi?,14 Avenue du lieutenant colonel maury,VANNES,56000,56,03 September 2026,26 September 2026,
247,Concerts,LES SONNEURS,Gourin,GOURIN,56110,56,05 September 2026,,
248,Festivals,Festival Treffestif,Stade de Tréffléan 56250 TREFFLEAN,TREFFLEAN,56250,56,05 September 2026,,
249,Bals Danses,Aprés-midi Dansant,salle des fetes Mauron(56),MAURON,56430,56,06 September 2026,,
250,Vide-greniers,Vide-greniers du Comité des fêtes,Rue de la Mairie,MOHON,56490,56,06 September 2026,,
251,Humour et one (wo)man show,Thomas piet,,AURAY -,56400,56,09 September 2026,,
252,Humour et one (wo)man show,William pilet,,AURAY -,56400,56,10 September 2026,,
253,Théatres,Le coup de la cigogne,,AURAY -,56400,56,11 September 2026,,
254,Concerts,DENEZ PRIGENT,,CARNAC -,56340,56,12 September 2026,,
255,Manifestations Automobiles,COURSES DE CAISSES À SAVONS,Bubry,BUBRY,56310,56,12 September 2026,,
256,Fêtes locales,Fête des oignons,Complexe sportif Rue du Grand Large 56410 ERDEVEN,ERDEVEN,56410,56,12 September 2026,,
257,Concerts,NEJ,,COURNON -,56200,56,13 September 2026,,
258,Théatres,Les hommes se cachent pour mentir,,AURAY -,56400,56,13 September 2026,,
259,Bals Danses,Repas dansant,salle La Rose des Vents Guiscriff(56),GUISCRIFF,56560,56,13 September 2026,,
260,Bals Danses,Après-midi dansant,salle La Porte du Golfe Muzillac(56),MUZILLAC,56190,56,13 September 2026,,
261,Bals Danses,Après-midi dansant,salle discothéque LE VALENTINO Quéven (56),QUEVEN,56530,56,13 September 2026,,
262,Messes,Pardon Saint-Guen,chapelle Saint-Guen Saint-Tugdual - 56540,SAINT-TUGDUAL,56540,56,13 September 2026,,
263,Théatres,J'adore l'amour j'aimerais bien,,AURAY -,56400,56,16 September 2026,,
264,Théatres,Les chicoufs,,AURAY -,56400,56,19 September 2026,,
265,Concerts,"Mania, the abba tribute",,LANESTER -,56600,56,19 September 2026,,
266,Spectacles,MANIA - THE ABBA TRIBUTE,,LANESTER -,56600,56,19 September 2026,,
267,Foires,La Foire aux oiseaux,"Parc des expositions, Halles Safire Pontivy - 56300",PONTIVY,56300,56,19 September 2026,,
268,Fêtes locales,Fête musicale Brass'Band,ferme brasserie La Bambelle,SAINT-GRAVE,56220,56,19 September 2026,,
269,Bals Danses,après-midi dansante,salle La Rose des Vents Guiscriff(56),GUISCRIFF,56560,56,20 September 2026,,
270,Fêtes locales,Pardon de Notre-Dame du Voeu,Hennebont,HENNEBONT,56700,56,20 September 2026,,
271,Bals Danses,Après-midi dansant,salle DES ALGUES Larmor-Plage(56),LARMOR-PLAGE,56260,56,20 September 2026,,
272,Bals Danses,dejeuner dansant,salle Le k5 Lorient-le K5(56),LORIENT,56100,56,20 September 2026,,
273,Bals Danses,thé dansant,salle La Porte du Golfe Muzillac(56),MUZILLAC,56190,56,20 September 2026,,
274,Fêtes médiévales,Journée médiévale dans les douves du chateau des Rohan,"Château des Rohan 63 rue du Général de Gaulle, 56300, Pontivy",PONTIVY,56300,56,20 September 2026,,
275,Bals Danses,Aprés-midi Dansant,salle discothéque LE VALENTINO Quéven (56),QUEVEN,56530,56,20 September 2026,,
276,Bals Danses,Gala,salle La Porte du Golfe Muzillac(56),MUZILLAC,56190,56,22 September 2026,,
277,Théatres,Le filip,,AURAY -,56400,56,23 September 2026,,
278,Bals Danses,Aprés-midi Dansant,Concoret(56),CONCORET,56430,56,23 September 2026,,
279,Bals Danses,Gala,salle La Porte du Golfe Muzillac(56),MUZILLAC,56190,56,23 September 2026,,
280,Humour et one (wo)man show,Alex di mambro,,AURAY -,56400,56,24 September 2026,,
281,Bals Danses,dejeuner dansant,salle Kergoff Caudan(56),CAUDAN,56850,56,24 September 2026,,
282,Humour et one (wo)man show,Muriel montossey,,AURAY -,56400,56,25 September 2026,,
283,Bals Danses,Soirée dansante,salle Kasino Vannes(56),VANNES,56000,56,25 September 2026,,
284,Bals Danses,Soirée dansante,salle Kasino Vannes(56),VANNES,56000,56,26 September 2026,,
285,Foires,Foire Bio à Muzillac,Parking de la Médiathèque Place de l'Enclos 56190 MUZILLAC,MUZILLAC,56190,56,26 September 2026,,
286,Humour et one (wo)man show,Les jumeaux,,AURAY -,56400,56,27 September 2026,,
287,Parc,Kingoland,,PLUMELIN -,56500,56,27 September 2026,,
288,Fêtes,Fête du cheval de trait au Faouët,Place des Halles,LE FAOUET,56320,56,27 September 2026,,
289,Bals Danses,après-midi dansante,salle La Porte du Golfe Muzillac(56),MUZILLAC,56190,56,27 September 2026,,
290,Lotos Quines et Rifles,LOTO POUR DYDY,,NIVILLAC -,56130,56,27 September 2026,,
291,"Randonnées, Trail ou Running",LES FOULÉES DE KEROZER,Saint-Avé - 56890,SAINT-AVE,56890,56,27 September 2026,,
292,Humour et one (wo)man show,Sabrina rives,,AURAY -,56400,56,30 September 2026,,
293,Humour et one (wo)man show,Vacher,,AURAY -,56400,56,01 October 2026,,
294,Spectacles,Girl Power 2,14 Rue du Lieutenant-Colonel Maury,VANNES,56000,56,01 October 2026,01 November 2026,
295,Humour et one (wo)man show,The band from ny,,AURAY -,56400,56,02 October 2026,,
296,Humour et one (wo)man show,Antoine officieux,,AURAY -,56400,56,03 October 2026,,
297,Humour et one (wo)man show,Gil alma,,AURAY -,56400,56,03 October 2026,,
298,Bals Danses,Aprés-midi Dansant,salle La Porte du Golfe Muzillac(56),MUZILLAC,56190,56,03 October 2026,,
299,Fêtes,Fêtes du Rosaire au Faouët,Place des halles,LE FAOUET,56320,56,03 October 2026,,
300,Théatres,Trois femmes au bord de la crise de mere,,AURAY -,56400,56,04 October 2026,,
301,Bals Danses,Aprés-midi Dansant,salle La Rose des Vents Guiscriff(56),GUISCRIFF,56560,56,04 October 2026,,
302,Bals Danses,Aprés-midi Dansant,salle discothéque LE VALENTINO Quéven (56),QUEVEN,56530,56,04 October 2026,,
303,Théatres,Je ne simule plus,14 Avenue du lieutenant Colonel Maury,VANNES,56000,56,07 October 2026,,
304,Humour et one (wo)man show,Nadege,,AURAY -,56400,56,08 October 2026,,
305,Théatres,Je Prèfère qu'on reste amis !,14 avenue du lieutenant Colonel Maury,VANNES,56000,56,08 October 2026,17 October 2026,
306,Humour et one (wo)man show,Et si on s'aimait,,AURAY -,56400,56,10 October 2026,,
307,Humour et one (wo)man show,Sylvain fergot,,AURAY -,56400,56,10 October 2026,,
308,Fêtes locales,&#127822;Fête de la Pomme,Village Sulniac - 56250,SULNIAC,56250,56,11 October 2026,,
309,"Randonnées, Trail ou Running",La Gourinoise contre le cancer,Tronjoly 56110 GOURIN,GOURIN,56110,56,11 October 2026,,
310,Bals Danses,après-midi dansante,salle Municipale Grand-Champ(56),GRAND-CHAMP,56390,56,11 October 2026,,
311,Bals Danses,Aprés-midi Dansant,salle La Rose des Vents Guiscriff(56),GUISCRIFF,56560,56,11 October 2026,,
312,Bals Danses,Aprés-midi Dansant,salle Le Valentino Quéven(56),QUEVEN,56530,56,11 October 2026,,
313,Bals Danses,Aprés-midi Dansant,salle des fêtes Guiscriff(56),GUISCRIFF,56560,56,14 October 2026,,
314,Théatres,La folle histoire de france,,AURAY -,56400,56,16 October 2026,,
315,Spectacles,THE JEFF PANACLOC COMPANY,,COURNON -,56200,56,16 October 2026,,
316,Humour et one (wo)man show,Veronique gallo,,AURAY -,56400,56,17 October 2026,,
317,Théatres,La boum des vampires,,AURAY -,56400,56,17 October 2026,,
318,Humour et one (wo)man show,Abc devos,,AURAY -,56400,56,18 October 2026,,
319,Théatres,Docteur anael et mister corantin,,AURAY -,56400,56,18 October 2026,,
320,Bals Danses,Aprés-midi Dansant,salle La Rode des Vents Guiscriff(56),GUISCRIFF,56560,56,18 October 2026,,
321,Fêtes,Fête de la Châtaigne de Limerzel,Salle polyvalente Centre bourg,LIMERZEL,56220,56,18 October 2026,,
322,Bals Danses,Aprés-midi Dansant,salle polyvalente Locqueltas(56),LOCQUELTAS,56390,56,18 October 2026,,
323,Bals Danses,Après-midi dansant,salle La Porte du Golfe Muzillac(56),MUZILLAC,56190,56,18 October 2026,,
324,Bals Danses,Aprés-midi Dansant,salle le valentino Quéven(56),QUEVEN,56530,56,18 October 2026,,
325,Foires,La Foire Saint-Denis,Ploërmel centre ville,PLOERMEL,56800,56,19 October 2026,,
326,Spectacles,La Sorcière du placard aux balais,"14, Rue du Lieutenant-Colonel Maury, Vannes, France",VANNES,56000,56,19 October 2026,31 October 2026,
327,Bals Danses,Aprés-midi Dansant,salle des fêtes Concoret(56),CONCORET,56430,56,21 October 2026,,
328,Humour et one (wo)man show,David sun,,AURAY -,56400,56,22 October 2026,,
329,Humour et one (wo)man show,Anne roumanoff,,GRAND-CHAMP -,56390,56,22 October 2026,,
330,Spectacles,"Ados en vacances, parents en souffrance !","14, Rue du Lieutenant-Colonel Maury,",VANNES,56000,56,22 October 2026,31 October 2026,
331,Concerts,LYNDA LEMAY &amp; JEAN-FELIX LALANNE,,PLOEMEUR -,56270,56,23 October 2026,,
332,Concerts,Lynda lemay & jean felix lalanne,,PLOEMEUR -,56270,56,23 October 2026,,
333,Humour et one (wo)man show,Sten et chardon,,AURAY -,56400,56,24 October 2026,,
334,Humour et one (wo)man show,Benedicte bousquet,,AURAY -,56400,56,24 October 2026,,
335,Concerts,Festival insolent collection automne 2026,,LANESTER -,56600,56,24 October 2026,,
336,Concerts,Bertrand belin,,GRAND-CHAMP -,56390,56,24 October 2026,,
337,Humour et one (wo)man show,Jovany,,AURAY -,56400,56,25 October 2026,,
338,Bals Danses,déjeuner Après-midi Dansant,salle La Rose des Vents Guiscriff(56),GUISCRIFF,56560,56,25 October 2026,,
339,Bals Danses,Aprés-midi Dansant,salle des algues Larmor-Plage(56),LARMOR-PLAGE,56260,56,25 October 2026,,
340,Bals Danses,Après-midi dansant,salle La Porte du Golfe Muzillac(56),MUZILLAC,56190,56,25 October 2026,,
341,Bals Danses,Aprés-midi Dansant,salle des fêtes Plaudren(56),PLAUDREN,56420,56,25 October 2026,,
342,Bals Danses,Aprés-midi Dansant,salle des fêtes Plouay(56),PLOUAY,56240,56,25 October 2026,,
343,Bals Danses,après-midi dansante,salle discothéque LE VALENTINO Quéven (56),QUEVEN,56530,56,25 October 2026,,
344,Théatres,Haut les pattes,,AURAY -,56400,56,26 October 2026,,
345,Humour et one (wo)man show,Charlotte boisselier,,AURAY -,56400,56,27 October 2026,,
346,Humour et one (wo)man show,Quentin vana,,AURAY -,56400,56,29 October 2026,,
347,Concerts,DJADJA &amp; DINAZ,,COURNON -,56200,56,29 October 2026,,
348,Humour et one (wo)man show,L'affaire buckingham,,AURAY -,56400,56,30 October 2026,,
349,Humour et one (wo)man show,Anne depetrini,,AURAY -,56400,56,31 October 2026,,
350,Humour et one (wo)man show,Thomas marty,,LANESTER -,56600,56,31 October 2026,,
351,Théatres,Meme pas peur,,AURAY -,56400,56,31 October 2026,,
352,Spectacles,THOMAS MARTY,,LANESTER -,56600,56,31 October 2026,,
353,Fêtes locales,Fete de Samain,Centre Culturel du Vieux Couvent 56190 MUZILLAC,MUZILLAC,56190,56,31 October 2026,,
354,Parc,Parc de branfere,,LE GUERNO -,56190,56,01 November 2026,,
355,Bals Danses,Repas dansant,salle La Rose des Vents Guiscriff(56),GUISCRIFF,56560,56,01 November 2026,,
356,Bals Danses,Après-midi dansant,salle discothéque LE VALENTINO Quéven (56),QUEVEN,56530,56,01 November 2026,,
357,Concerts,The Music of Hans Zimmer &amp; Others,,VANNES -,56000,56,01 November 2026,,
358,Humour et one (wo)man show,Olivia moore,,AURAY -,56400,56,05 November 2026,,
359,Bals Danses,Aprés-midi Dansant,salle Arthus Noyal-Pontivy(56),NOYAL-PONTIVY,56920,56,05 November 2026,,
360,Théatres,Je Prèfère qu'on reste amis !,14 rue du lieutenant colonel maury,VANNES,56000,56,05 November 2026,21 November 2026,
361,Théatres,Battle royale,,AURAY -,56400,56,06 November 2026,,
362,Humour et one (wo)man show,Thierry garcia,,AURAY -,56400,56,07 November 2026,,
363,Théatres,Les cousines,,AURAY -,56400,56,07 November 2026,,
364,Concerts,ULTRA VOMIT,,COURNON -,56200,56,07 November 2026,,
365,Théatres,Delivres de famille,,AURAY -,56400,56,08 November 2026,,
366,Bals Danses,Repas dansant,salle La Rose des Vents Guiscriff(56),GUISCRIFF,56560,56,08 November 2026,,
367,Bals Danses,Après-midi dansant,salle La Porte du Golfe Muzillac(56),MUZILLAC,56190,56,08 November 2026,,
368,Bals Danses,Après-midi dansant,salle discothéque LE VALENTINO Quéven (56),QUEVEN,56530,56,08 November 2026,,
369,Théatres,On aurait mieux fait de rester fachees,,AURAY -,56400,56,10 November 2026,,
370,Bals Danses,Aprés-midi Dansant,salle Moronoe Mauron(56),MAURON,56430,56,11 November 2026,,
371,Spectacles,Elodie KV dans La révolution positive du vagin,"14, rue du Lieutenant-Colonel Maury",VANNES,56000,56,11 November 2026,,
372,Théatres,Minuit,,AURAY -,56400,56,12 November 2026,,
373,Spectacles,Blabla drive épisode 2,"14, rue du Lieutenant-Colonel Maury",VANNES,56000,56,12 November 2026,13 December 2026,
374,Humour et one (wo)man show,Sarah-anna,,AURAY -,56400,56,13 November 2026,,
375,Humour et one (wo)man show,Fabrice eboue,,PLOEMEUR -,56270,56,13 November 2026,,
376,Bals Danses,Soirée dansante,salle Kasino Quiberon(56),QUIBERON,56170,56,13 November 2026,,
377,Spectacles,FABRICE EBOUE,,PLOEMEUR -,56270,56,13 November 2026,,
378,Humour et one (wo)man show,Nadia richard,,AURAY -,56400,56,14 November 2026,,
379,Humour et one (wo)man show,Daniel camus,,AURAY -,56400,56,14 November 2026,,
380,Bals Danses,Aprés-midi Dansant,salle Kasino Larmor-Plage(56),LARMOR-PLAGE,56260,56,14 November 2026,,
381,Théatres,Un dernier pour la route,,AURAY -,56400,56,15 November 2026,,
382,Bals Danses,Après-midi dansant,salle discothéque LE VALENTINO Quéven (56),QUEVEN,56530,56,15 November 2026,,
383,Bals Danses,après-midi dansante,salle La Rose des Vents Guiscriff(56),GUISCRIFF,56560,56,15 November 2026,,
384,Bals Danses,dejeuner dansant,salle LE K5 Lorient(56),LORIENT,56100,56,15 November 2026,,
385,Humour et one (wo)man show,Je vis avec freddie mercury,,AURAY -,56400,56,18 November 2026,,
386,Concerts,SAEZ,,COURNON -,56200,56,18 November 2026,,
387,Humour et one (wo)man show,Rachel legrain trapani,,AURAY -,56400,56,20 November 2026,,
388,Théatres,Ca vous ehpad,,AURAY -,56400,56,20 November 2026,,
389,Concerts,DUB INC + DANAKIL,,COURNON -,56200,56,20 November 2026,,
390,Concerts,PLK,,COURNON -,56200,56,21 November 2026,,
391,Salons,Salon Habitat et Immobilier,Parc des expositions - Le Chorus Parc du Golfe 56000 VANNES,VANNES,56000,56,21 November 2026,,
392,Festivals,Festival du Clown Hors Piste,56450 THEIX-NOYALO,THEIX-NOYALO,56450,56,21 November 2026,,
393,Humour et one (wo)man show,Clement blouin,,AURAY -,56400,56,22 November 2026,,
394,Concerts,DAVID HALLYDAY,,COURNON -,56200,56,22 November 2026,,
395,Bals Danses,Aprés-midi Dansant,salle des fêtes Colpo(56),COLPO,56390,56,22 November 2026,,
396,Bals Danses,Aprés-midi Dansant,salle La Rose des Vents Guiscriff(56),GUISCRIFF,56560,56,22 November 2026,,
397,Bals Danses,Après-midi dansant,salle La Porte du Golfe Muzillac(56),MUZILLAC,56190,56,22 November 2026,,
398,Marchés de Noël,Marché de Noël de la Trinité sur Mer,parvis de la capitainerie,LA TRINITE-SUR-MER,56470,56,22 November 2026,,
399,Spectacles,REDOUANE BOUGHERABA,,COURNON -,56200,56,24 November 2026,,
400,Concerts,FLORENT PAGNY,,COURNON -,56200,56,27 November 2026,,
401,Humour et one (wo)man show,T'inquiete bebe je gere,,AURAY -,56400,56,28 November 2026,,
402,Humour et one (wo)man show,Romuald maufras,,AURAY -,56400,56,28 November 2026,,
403,Salons,Salon de l’habitat à Pontivy,3 rue de keropert,PONTIVY,56300,56,28 November 2026,,
404,Spectacles,CHANTAL GOYA - 50 Ans d'Amour,,COURNON -,56200,56,29 November 2026,,
405,Fêtes locales,Fête de la Soupe a La Gacilly,56200 LA GACILLY,LA GACILLY,56200,56,29 November 2026,,
406,Bals Danses,Aprés-midi Dansant,salle La Rose des Vents Guiscriff(56),GUISCRIFF,56560,56,29 November 2026,,
407,Bals Danses,Aprés-midi Dansant,salle omnisport Kervignac(56),KERVIGNAC,56700,56,29 November 2026,,
408,Bals Danses,Après-midi dansant,salle La Porte du Golfe Muzillac(56),MUZILLAC,56190,56,29 November 2026,,
409,Bals Danses,Aprés-midi Dansant,salle discothéque LE VALENTINO Quéven (56),QUEVEN,56530,56,29 November 2026,,
410,Humour et one (wo)man show,Julien bing,,AURAY -,56400,56,02 December 2026,,
411,Humour et one (wo)man show,Gaston le lutin grognon,,AURAY -,56400,56,02 December 2026,,
412,Spectacles,CASSE-NOISETTE,,COURNON -,56200,56,02 December 2026,,
413,Concerts,LA TEAM GOLDMAN,,COURNON -,56200,56,04 December 2026,,
414,Messes,Fête de Sainte-Barbe au Faouët,Sainte-Barbe,LE FAOUET,56320,56,04 December 2026,,
415,Humour et one (wo)man show,Maud melle,,AURAY -,56400,56,05 December 2026,,
416,Spectacle et comedie musicale,Un courrier pour noel,,LANESTER -,56600,56,05 December 2026,,
417,Coups de coeur,LE TELETHON,Village Mohon,MOHON,56490,56,05 December 2026,,
418,Marchés de Noël,Marché de Noel,Allée du Château du Ter,PLOEMEUR,56270,56,05 December 2026,,
419,Marchés de Noël,Marché de Noel,dans le centre ville,PLOERMEL,56800,56,05 December 2026,,
420,Bals Danses,après-midi dansante,salle municipale Caudan(56),CAUDAN,56850,56,06 December 2026,,
421,"Randonnées, Trail ou Running",Foulées Muzillacaises,Salle du Cosec ZI d'Hinzal 56190 MUZILLAC,MUZILLAC,56190,56,06 December 2026,,
422,Bals Danses,Après-midi dansant,salle La Porte du Golfe Muzillac(56),MUZILLAC,56190,56,06 December 2026,,
423,Bals Danses,après-midi dansante,salle discothéque LE VALENTINO Quéven (56),QUEVEN,56530,56,06 December 2026,,
424,Concerts,Feu! Chatterton,,COURNON -,56200,56,09 December 2026,,
425,Bals Danses,Aprés-midi Dansant,salle des fêtes Guiscriff(56),GUISCRIFF,56560,56,09 December 2026,,
426,Concerts,CHRISTOPHE MAE,,COURNON -,56200,56,10 December 2026,,
427,Concerts,GAËTAN ROUSSEL,,COURNON -,56200,56,11 December 2026,,
428,Humour et one (wo)man show,Edgar yves jr.,,PLOEMEUR -,56270,56,12 December 2026,,
429,Spectacles,EDGAR-YVES Jr.,,PLOEMEUR -,56270,56,12 December 2026,,
430,Marchés de Noël,Marché de Noel,stade Penverne,PONT-SCORFF,56620,56,12 December 2026,,
431,Marchés de Noël,Marché de Noel de Séné,place de la fraternité SENE,SENE,56860,56,12 December 2026,,
432,Bals Danses,soirée dansante,salle des fetes Saint-Avé(56),SAINT-AVE,56890,56,12 December 2026,,
433,Théatres,Je prefere qu'on reste amis,,AURAY -,56400,56,13 December 2026,,
434,Théatres,Je prefere qu'on reste amis,,AURAY -,56400,56,13 December 2026,,
435,Bals Danses,Aprés-midi Dansant,salle La Rose des Vents Guiscriff(56),GUISCRIFF,56560,56,13 December 2026,,
436,Bals Danses,après-midi dansante,salle municipale Baud(56),BAUD,56150,56,13 December 2026,,
437,Bals Danses,Aprés-midi Dansant,salle Les algues Larmor-Plage(56),LARMOR-PLAGE,56260,56,13 December 2026,,
438,Marchés de Noël,Marché de Noël,,NOYAL-PONTIVY -,56920,56,13 December 2026,,
439,Bals Danses,Après-midi dansant,salle La Porte du Golfe Muzillac(56),MUZILLAC,56190,56,13 December 2026,,
440,Marchés de Noël,Marché de Noël,Plescop Place Marianne,PLESCOP,56890,56,13 December 2026,,
441,Concerts,THE DIRE STRAITS EXPERIENCE,,COURNON -,56200,56,15 December 2026,,
442,Bals Danses,Repas de noël,salle Tronjoly Gourin(56),GOURIN,56110,56,15 December 2026,,
443,Humour et one (wo)man show,Marc tourneboeuf,,AURAY -,56400,56,17 December 2026,,
444,Humour et one (wo)man show,Booder,,GRAND-CHAMP -,56390,56,17 December 2026,,
445,Concerts,CLAUDIO CAPEO,,LANESTER -,56600,56,18 December 2026,,
446,Concerts,Claudio capeo,,LANESTER -,56600,56,18 December 2026,,
447,Humour et one (wo)man show,Gaetan petit,,AURAY -,56400,56,19 December 2026,,
448,Théatres,Mariage et embrouilles et amuse-gueules,,AURAY -,56400,56,19 December 2026,,
449,Théatres,L'incroyable voyage de la lettre,,AURAY -,56400,56,19 December 2026,,
450,Bals Danses,Repas dansant,salle La Rose des Vents Guiscriff(56),GUISCRIFF,56560,56,20 December 2026,,
451,Bals Danses,dejeuner dansant,salle Le k5 Lorient-le K5(56),LORIENT,56100,56,20 December 2026,,
452,Bals Danses,Après-midi dansant,salle discothéque LE VALENTINO Quéven (56),QUEVEN,56530,56,20 December 2026,,
453,Théatres,Sales gosses,,AURAY -,56400,56,23 December 2026,,
454,Messes,Melrand Paroisse de MELRAND Messe de Noel,Paroisse de MELRAND 56310 Melrand,MELRAND,56310,56,24 December 2026,,
455,Messes,Messe de la veille de Noël,"basilique Sainte-Anne (SAINTE-ANNE-D'AURAY) 56400 Sainte-Anne-d'Auray 56, Morbihan, Bretagne",SAINTE-ANNE-D'AURAY,56400,56,24 December 2026,,
456,Humour et one (wo)man show,Romain le magissier paticien,,AURAY -,56400,56,26 December 2026,,
457,Théatres,Hold up et bras casses,,AURAY -,56400,56,29 December 2026,,
458,Bals Danses,Réveillon saint Sylvestre,salle Municipale Sarzeau(56),SARZEAU,56370,56,31 December 2026,,
459,Parc,Parc de branfere - journees d'hiver,,LE GUERNO -,56190,56,03 January 2027,,
460,Parc,Parc de branfere - les nuits de branfere,,LE GUERNO -,56190,56,03 January 2027,,
461,Parc,Parc de branfere - pack journee+nocturne,,LE GUERNO -,56190,56,03 January 2027,,
462,Spectacles,Madagascar,Océanis Boulevard François Mitterrand 56270 PLOEMEUR,PLOEMEUR,56270,56,09 January 2027,04 April 2027,
463,Concerts,RFM PARTY 80,,COURNON -,56200,56,09 January 2027,,
464,Spectacles,GREG DUTH,,LORIENT -,56100,56,09 January 2027,,
465,Bals Danses,Après-midi dansant,salle Multifonction Mauron(56),MAURON,56430,56,10 January 2027,,
466,Humour et one (wo)man show,Arthur gomez,,AURAY -,56400,56,14 January 2027,,
467,Spectacles,THOMAS MARTY,,COURNON -,56200,56,14 January 2027,,
468,Humour et one (wo)man show,Ana godefroy,,LORIENT -,56100,56,15 January 2027,,
469,Théatres,MICHÈLE LAROQUE ET KAD MERAD,,COURNON -,56200,56,15 January 2027,,
470,Concerts,CLAUDIO CAPEO,,COURNON -,56200,56,16 January 2027,,
471,Concerts,DE MICHEL BERGER A FRANCE GALL - TRIBUTE,,COURNON -,56200,56,17 January 2027,,
472,Bals Danses,après-midi dansante,salle K 5 RESTAURENT Lorient-le K5(56),LORIENT,56100,56,17 January 2027,,
473,Spectacles,NAWELL MADANI,,COURNON -,56200,56,21 January 2027,,
474,Spectacles,CLEMENT VIKTOROVITCH,,COURNON -,56200,56,22 January 2027,,
475,Spectacles,LES ÉTOILES DU CIRQUE DE PEKIN - ODYSSÉE,,COURNON -,56200,56,23 January 2027,,
476,Spectacles,MANON BRIL,,QUEVEN -,56530,56,24 January 2027,,
477,Humour et one (wo)man show,Elie semoun,,LORIENT -,56100,56,27 January 2027,,
478,Spectacles,ELIE SEMOUN,,LORIENT -,56100,56,27 January 2027,,
479,Humour et one (wo)man show,Nathalie boitel,,AURAY -,56400,56,28 January 2027,,
480,Spectacles,FOREVER,,COURNON -,56200,56,28 January 2027,,
481,Humour et one (wo)man show,Kino,,AURAY -,56400,56,29 January 2027,,
482,Humour et one (wo)man show,Tano,,AURAY -,56400,56,30 January 2027,,
483,Spectacles,LES CHEVALIERS DU FIEL,,COURNON -,56200,56,30 January 2027,,
484,Spectacles,FLASHDANCE - THE MUSICAL,,COURNON -,56200,56,31 January 2027,,
485,Humour et one (wo)man show,Akim omiri,,GRAND-CHAMP -,56390,56,05 February 2027,,
486,Spectacles,LES BODIN'S,,COURNON -,56200,56,05 February 2027,,
487,Humour et one (wo)man show,Nadim,,AURAY -,56400,56,06 February 2027,,
488,Spectacles,LES BODIN'S,,COURNON -,56200,56,06 February 2027,,
489,Concerts,MARINE,,LANESTER -,56600,56,06 February 2027,,
490,Concerts,Marine,,LANESTER -,56600,56,06 February 2027,,
491,Spectacles,LES BODIN'S,,COURNON -,56200,56,07 February 2027,,
492,Concerts,GOLDMAN,,VANNES -,56000,56,07 February 2027,,
493,Concerts,200 voix pour goldman,,VANNES -,56000,56,07 February 2027,,
494,Spectacles,ALEXIS LE ROSSIGNOL,,LORIENT -,56100,56,12 February 2027,,
495,Concerts,JEAN-BAPTISTE GUEGAN,,LANESTER -,56600,56,13 February 2027,,
496,Fêtes locales,Baignade de la Saint Valentin,56870 BADEN,BADEN,56870,56,14 February 2027,,
497,Humour et one (wo)man show,Yann guillarme,,LORIENT -,56100,56,18 February 2027,,
498,Concerts,KEEN'V,,COURNON -,56200,56,18 February 2027,,
499,Spectacles,YANN GUILLARME,,LORIENT -,56100,56,18 February 2027,,
500,Humour et one (wo)man show,Harold barbe,,AURAY -,56400,56,19 February 2027,,
501,Concerts,LES MUSIQUES DE JOHN WILLIAMS ET HANS ZIMMER,,COURNON -,56200,56,19 February 2027,,
502,Humour et one (wo)man show,Kosh,,AURAY -,56400,56,20 February 2027,,
503,Concerts,FLAVIA COELHO,,QUEVEN -,56530,56,20 February 2027,,
504,Concerts,LES COQUETTES,,VANNES -,56000,56,25 February 2027,,
505,Concerts,KYO,,COURNON -,56200,56,27 February 2027,,
506,Spectacles,ALDEBERT,,COURNON -,56200,56,28 February 2027,,
507,Humour et one (wo)man show,Le cas pucine,,LORIENT -,56100,56,04 March 2027,,
508,Spectacles,LE CAS PUCINE,,LORIENT -,56100,56,04 March 2027,,
509,Spectacles,CELTIC LEGENDS,,COURNON -,56200,56,07 March 2027,,
510,Annonces cyclistes et cyclosportives,LA ROUTE BRETONNE,Centre bourg Saint-Avé - 56890,SAINT-AVE,56890,56,07 March 2027,,
511,Humour et one (wo)man show,Guillaume guisset,,AURAY -,56400,56,10 March 2027,,
512,Spectacles,FABIEN OLICARD,,LORIENT -,56100,56,10 March 2027,,
513,Humour et one (wo)man show,Guigui pop,,AURAY -,56400,56,11 March 2027,,
514,Spectacles,D'JAL,,LORIENT -,56100,56,12 March 2027,,
515,Humour et one (wo)man show,Pablo mira,,PLOEMEUR -,56270,56,18 March 2027,,
516,Concerts,BERNARD LAVILLIERS,,COURNON -,56200,56,18 March 2027,,
517,Spectacles,PABLO MIRA,,PLOEMEUR -,56270,56,18 March 2027,,
518,Humour et one (wo)man show,Frederick sigrist,,AURAY -,56400,56,20 March 2027,,
519,Humour et one (wo)man show,Blandine lehout,,LORIENT -,56100,56,20 March 2027,,
520,Spectacles,MESSMER - 13Hz,,COURNON -,56200,56,20 March 2027,,
521,Spectacles,BLANDINE LEHOUT,,LORIENT -,56100,56,20 March 2027,,
522,Bals Danses,dejeuner dansant,salle Le K5 Lorient-le K5(56),LORIENT,56100,56,21 March 2027,,
523,Brocantes,Foire à la Brocante de St Goustan - Pâques,Quai Benjamin Franklin Port de St Goustan.,AURAY,56400,56,28 March 2027,,
524,Marchés de potiers,Le Printemps de la céramique,Place Notre Dame au centre ville d’Auray,AURAY,56400,56,28 March 2027,,
525,Humour et one (wo)man show,Zize,,AURAY -,56400,56,28 March 2027,,
526,Spectacle et comedie musicale,Madagascar une aventure musicale,,PLOEMEUR -,56270,56,28 March 2027,,
527,Vide-greniers,Vide-greniers de Pâques,,CARENTOIR -,56910,56,28 March 2027,,
528,Evènements,Run et Bike,Espace 2000-Célestine Blévin Route de Plumergat 56390 GRAND CHAMP,GRAND-CHAMP,56390,56,28 March 2027,,
529,Messes,PLUMELIAU Messe de Paques,Paroisse de PLUMELIAU 56930 PLUMELIAU,PLUMELIAU,56930,56,28 March 2027,,
530,Brocantes,lundi de Pâques Marché aux puces,Sarzeau - 56370,SARZEAU,56370,56,29 March 2027,,
531,Humour et one (wo)man show,Hugues lavigne,,AURAY -,56400,56,01 April 2027,,
532,Humour et one (wo)man show,Laurent gerra,,LANESTER -,56600,56,01 April 2027,,
533,Spectacles,LAURENT GERRA,,LANESTER -,56600,56,01 April 2027,,
534,Humour et one (wo)man show,Cedric salaun,,AURAY -,56400,56,02 April 2027,,
535,Humour et one (wo)man show,Tristan lopin,,LORIENT -,56100,56,03 April 2027,,
536,Vide-greniers,Vide-grenier Auray,"Stade du Bel Air, rue du Moulin",AURAY,56400,56,04 April 2027,,
537,Concerts,PATRICK FIORI,,COURNON -,56200,56,04 April 2027,,
538,Spectacles,LES GROS PATINENT BIEN,,PLOEMEUR -,56270,56,08 April 2027,,
539,Humour et one (wo)man show,Les gros patinent bien,,PLOEMEUR -,56270,56,08 April 2027,,
540,Humour et one (wo)man show,Vanessa kayo,,AURAY -,56400,56,09 April 2027,,
541,Bals Danses,Aprés-midi Dansant,salle ELISA BACIOCCHI Colpo(56),COLPO,56390,56,18 April 2027,,
542,Humour et one (wo)man show,Julien santini,,LORIENT -,56100,56,23 April 2027,,
543,Spectacles,JULIEN SANTINI,,LORIENT -,56100,56,23 April 2027,,
544,Vide-greniers,marché aux plantes,salle polyvalente,SILFIAC,56480,56,26 April 2027,,
545,Vide-greniers,Vide-greniers et marché aux puces,,ALLAIRE -,56350,56,01 May 2027,,
546,Vide-greniers,Vide-greniers et marché aux puces,,AMBON -,56190,56,01 May 2027,,
547,"Randonnées, Trail ou Running",la course nature de Baden,Baden,BADEN,56870,56,01 May 2027,,
548,Marchés de créateurs,Marché du terroir et de l’artisanat,Rue de Paimpont,CONCORET,56430,56,01 May 2027,,
549,Fêtes locales,Fest-deiz,Salle des fêtes 56410 ETEL,ETEL,56410,56,01 May 2027,,
550,Vide-greniers,Vide greniersRugby Club Guidel,,GUIDEL -,56520,56,01 May 2027,,
551,Foires,Foire aux plantes d'Hennebont,"16,Rue Tagliaferi,Hennebont (56) 16, Rue Tagliaferi, 56700 Hennebont, France",HENNEBONT,56700,56,01 May 2027,,
552,Vide-greniers,Vide-greniers et marché aux puces,,HENNEBONT -,56700,56,01 May 2027,,
553,Vide-greniers,Vide-greniers et marché aux puces,,MESLAN -,56320,56,01 May 2027,,
554,Vide-greniers,Vide-greniers et marché aux puces,salle des fêtes joseph le ravallec,NOYAL-PONTIVY,56920,56,01 May 2027,,
555,Vide-greniers,Vide-greniers et marché aux puces,,QUIBERON -,56170,56,01 May 2027,,
556,Vide-greniers,Vide-greniers et marché aux puces,,SAINT-NOLFF -,56250,56,01 May 2027,,
557,Vide-greniers,Vide Grenier à Sarzeau,Parking du Toul Pichon,SARZEAU,56370,56,01 May 2027,,
558,"Randonnées, Trail ou Running",SAP COLOR RACE,rue Jean Pierre Calloch,SAINTE-ANNE-D'AURAY,56400,56,03 May 2027,,
559,Sorties Moto,Motocross National à Bignan,Bignan,BIGNAN,56500,56,08 May 2027,,
560,Vide-greniers,Vide-greniers du Pondi-Roazhon,piscine découverte La Plage,PONTIVY,56300,56,08 May 2027,,
561,"Randonnées, Trail ou Running",rando muco des Montagnes Noires,Place du Général de Gaulle à Gourin,GOURIN,56110,56,10 May 2027,,
562,Brocantes,Foire à la Brocante de St Goustan - Ascension,Quai Benjamin Franklin Port de St Goustan,AURAY,56400,56,14 May 2027,,
563,Humour et one (wo)man show,En revanche,,AURAY -,56400,56,15 May 2027,,
564,Concerts,HUBERT FELIX THIEFAINE,,COURNON -,56200,56,15 May 2027,,
565,Fêtes locales,Fête chapelle de la Bogeraie,La Bogeraie,SAINT-GRAVE,56220,56,24 May 2027,,
566,Concerts,"Les annees 80, la tournee",,LANESTER -,56600,56,29 May 2027,,
567,Spectacles,CHARLIE HAID,,LORIENT -,56100,56,29 May 2027,,
568,Fêtes locales,Fêtes locales,Village Saint-Tugdual - 56540,SAINT-TUGDUAL,56540,56,06 June 2027,,
569,Fêtes locales,Les jeux inter-villages,Village Campénéac - 56800,CAMPENEAC,56800,56,07 June 2027,,
570,Humour et one (wo)man show,La troupe du jamel comedy club,,LORIENT -,56100,56,10 June 2027,,
571,Spectacles,LA TROUPE DU JAMEL COMEDY CLUB,,LORIENT -,56100,56,10 June 2027,,
572,Vide-greniers,"Vide Grenier - Vide Bateau à la Cale du Lindin, à Sarzeau",Cale du Lindin Le Lindin,SARZEAU,56370,56,14 June 2027,,
573,Foires,foire-exposition,ZA de la Brouée – 56230 MOLAC,MOLAC,56230,56,20 June 2027,,
574,Evènements Country,Bal country,Rochefort sur Mer,ROCHEFORT-EN-TERRE,56220,56,20 June 2027,,
575,Spectacles,GEREMY CREDEVILLE,,LORIENT -,56100,56,09 September 2027,,
576,Bals Danses,dejeuner dansant,salle Le K5 Lorient-le K5(56),LORIENT,56100,56,19 September 2027,,
577,Concerts,GENERATION CELINE,,COURNON -,56200,56,30 September 2027,,
578,Concerts,VIANNEY,,COURNON -,56200,56,02 October 2027,,
579,Spectacles,PHILIPPE CAVERIVIERE,,COURNON -,56200,56,14 October 2027,,
580,Spectacles,ONE NIGHT OF QUEEN,,COURNON -,56200,56,16 October 2027,,
581,Bals Danses,Après-midi dansant,Mauron(56),MAURON,56430,56,24 October 2027,,
582,Spectacles,I GOTTA FEELING - SAISON 3,,COURNON -,56200,56,17 November 2027,,
583,Spectacles,The Rise,,COURNON -,56200,56,20 November 2027,,
584,Spectacles,The Rise,,COURNON -,56200,56,21 November 2027,,
585,Concerts,GRAND CORPS MALADE,,COURNON -,56200,56,27 November 2027,,
586,Bals Danses,Aprés-midi Dansant,salle k5 Lorient(56),LORIENT,56100,56,19 December 2027,,
587,Loisirs et tourisme,Megalithes de locmariaquer,,LOCMARIAQUER -,56740,56,31 December 2027,,
588,Spectacles,MARC-ANTOINE LE BRET,,LORIENT -,56100,56,13 January 2028,,
589,Spectacles,FESTIVAL MONDIAL DE LA MAGIE,,COURNON -,56200,56,16 January 2028,,
590,Concerts,GOLDMEN - CONCERT BEST OF GOLDMAN,,COURNON -,56200,56,12 May 2028,,
591,Marchés,AMNEVILLE Marché du Centre,AMNEVILLE,AMNEVILLE,57360,57,24 June 2026,,
592,Marchés,Marché Hebdomadaire,sur la place de L'Hôtel de ville,AUMETZ,57710,57,24 June 2026,,
593,Marchés,Marché hebdomadaire,rue Foch Freyming-merlebach(57800) - Moselle (Lorraine) -,FREYMING-MERLEBACH,57800,57,25 June 2026,,
594,Marchés,Le marché du jeudi,"Rue Jean Moulin, Rue du Général de Gaulle, Rue du Maréchal Foch",HAYANGE,57700,57,25 June 2026,,
595,Marchés de Producteurs,Drive fermier METZ Bliiida,METZ Parking Bliiida Porte Verte 7 av de Blida,METZ,57000,57,25 June 2026,,
596,Marchés de Producteurs,Drive fermier METZ Parc des expos,"rue de la Grange aux Bois, Metz",METZ,57000,57,25 June 2026,,
597,Marchés de Producteurs,Drive fermier METZ chambre d'agriculture,"64 Avenue André Malraux, 57000 Metz&nbsp;",METZ,57000,57,25 June 2026,,
598,Marchés,Le jeudi matin Marché,rue Général de Gaulle 57540 Petite-Rosselle,PETITE-ROSSELLE,57540,57,25 June 2026,,
599,Marchés,Le marché hebdomadaire,57430 Sarralbe,SARRALBE,57430,57,25 June 2026,,
600,Marchés de Producteurs,Marché du terroir,place Saint Vincent de Paul Cattenom - 57570,CATTENOM,57570,57,26 June 2026,,
601,Marchés,Marché hebdomadaire,Cœur de ville Dieuze,DIEUZE,57260,57,26 June 2026,,
602,Marchés,Marché chaque vendredi,sur la Place 57300 Hagondange,HAGONDANGE,57300,57,26 June 2026,,
603,Marchés de Producteurs,Drive fermier LONGEVILLE LES ST AVOLD,"parking du magasin za du heckenwald RN3, 57740 Longeville-lès-Saint-Avold&nbsp;",LONGEVILLE-LES-SAINT-AVOLD,57740,57,26 June 2026,,
604,Jeux-sports,Marché hebdomadaire,Place d'Armes,PHALSBOURG,57370,57,26 June 2026,,
605,Marchés de Producteurs,Drive fermier Rohrbach-les-Bitche,"10 rue Sainte Barbe, en face du Point Vert, en dessous du centre de tri de la poste !, &nbsp;",ROHRBACH-LES-BITCHE,57410,57,26 June 2026,,
606,Marchés,Marché du vendredi,Place du marché 57500 Saint Avold,SAINT-AVOLD,57500,57,26 June 2026,,
607,Marchés de Producteurs,MARCHÉ DU TERROIR,place d’Ars Sainte-Marie-aux-Chênes - 57118,SAINTE-MARIE-AUX-CHENES,57118,57,26 June 2026,,
608,Marchés,petit marché,PARVIS DE LA MAIRIE Saint-Quirin - 57560,SAINT-QUIRIN,57560,57,26 June 2026,,
609,Marchés,MARCHÉ DE SARREGUEMINES Vendredi,place du Marché,SARREGUEMINES,57200,57,26 June 2026,,
610,Marchés,Marché,place de la Liberté Terville - 57180,TERVILLE,57180,57,26 June 2026,,
611,Marchés,Marché couvert,salle des Cuirassiers Bitche - 57230,BITCHE,57230,57,27 June 2026,,
612,Lotos Quines et Rifles,Loto CALP,2A rue Monseigneur Pelt,METZ,57000,57,27 June 2026,,
613,Marchés,Marché du samedi matin,Munster place du Marché,MUNSTER,57670,57,27 June 2026,,
614,Fêtes médiévales,Fête et Marché médiéval,Rodemack,RODEMACK,57570,57,27 June 2026,,
615,Marchés de Producteurs,Drive fermier SARREGUEMINES Hotel de Ville,"Rue du Maire Massing Parking de l'hôtel de ville, 57200 Sarreguemines&nbsp;",SARREGUEMINES,57200,57,27 June 2026,,
616,"Randonnées, Trail ou Running",Triathlon de Sarrebourg,"Base de loisirs, sarrebourg sarrebourg",SARREBOURG,57400,57,27 June 2026,,
617,Marchés de Producteurs,marché du terroir,village Gaubiving Folkling-Gaubiving,FOLKLING,57600,57,02 July 2026,,
618,Marchés de Producteurs,marché du terroir,parking du gymnase salle des fêtes Folkling-Gaubiving,FOLKLING,57600,57,02 July 2026,,
619,Manifestations Automobiles,Mensuel Old car &amp; Co SEMECOURT,parking du Memphis Coffee Semécourt,SEMECOURT,57210,57,03 July 2026,,
620,Vide-greniers,Vide-greniers,Village Haute-Kontz,HAUTE-KONTZ,57480,57,05 July 2026,,
621,Fêtes locales,&#129472;FETE DU FROMAGE BLANC,Sarrebourg - Quartier de Hoff,SARREBOURG,57400,57,05 July 2026,,
622,Feux d'artifice,Cérémonie du 13 juillet,Cœur de ville Dieuze,DIEUZE,57260,57,13 July 2026,,
623,Feux d'artifice,Feu d'artifice : Feu d'artifice - Fête Nationale - Freyming - Merlebach,,FREYMING-MERLEBACH -,57800,57,13 July 2026,,
624,Fêtes locales,FÊTE NATIONALE,Place de la Résistance et de la Déportation 57700 Hayange,HAYANGE,57700,57,13 July 2026,,
625,Feux d'artifice,Fête nationale,,MITTERSHEIM -,57930,57,13 July 2026,,
626,Feux d'artifice,FÊTE NATIONALE ET FEU D'ARTIFICE,Place d'Armes 57370 Phalsbourg,PHALSBOURG,57370,57,13 July 2026,,
627,Feux d'artifice,Spectacle Pyrotechnique : Feu d'artifice - Fête Nationale - Thionville,,THIONVILLE -,57100,57,13 July 2026,,
628,Fêtes locales,FÊTE NATIONALE,6 Place de l'Hôtel de Ville 57710 Aumetz,AUMETZ,57710,57,14 July 2026,,
629,Fêtes locales,FÊTE NATIONALE,Secteur de la Feltière 57290 Fameck,FAMECK,57290,57,14 July 2026,,
630,Brocantes,"Brocante de Marsal, 14 juillet",rues Marsal - 57630,MARSAL,57630,57,14 July 2026,,
631,Feux d'artifice,Feu d'artifice Feu d'artifice,Metz,METZ,57000,57,14 July 2026,,
632,Fêtes foraines,FETE FORAINE DU 14 JUILLET,Place de la Grande Armée Sarreguemines - 57200,SARREGUEMINES,57200,57,14 July 2026,,
633,Annonces cyclistes et cyclosportives,GP Ville de Thionville,Thionville,THIONVILLE,57100,57,14 July 2026,,
634,Fêtes locales,CROISIÈRE ANNUELLE,57100 Thionville,THIONVILLE,57100,57,14 July 2026,,
635,Théatres,Un couple presque parfait,,METZ -,57000,57,16 July 2026,,
636,Fêtes locales,Fête patronale Sainte Marie-Madeleine,Cœur de ville Dieuze,DIEUZE,57260,57,19 July 2026,,
637,Théatres,Monsieur maxence au pays des 5 sens,,METZ -,57000,57,19 July 2026,,
638,Théatres,La reine des emmerdeuses,,METZ -,57000,57,23 July 2026,,
639,Fêtes,Fête du Jambon - Fête Patronale,Foyer Rural rue de Courten,BAZONCOURT,57530,57,25 July 2026,,
640,Fêtes locales,Les Estivales de Bitche,rue du Maréchal Foch,BITCHE,57230,57,25 July 2026,,
641,Fêtes locales,Fête du battage,Rues du village de Maxstadt 57660 MAXSTADT,MAXSTADT,57660,57,26 July 2026,,
642,Théatres,L'ete s'ra chaud,,METZ -,57000,57,30 July 2026,,
643,Fêtes locales,Fête patronale,"Parc de la Schanze Boulay-Moselle, 57220 France",BOULAY-MOSELLE,57220,57,01 August 2026,,
644,Fêtes locales,la fête patronale,Village Lhor - 57670,LHOR,57670,57,01 August 2026,,
645,Brocantes,BROCANTE,Salle des fêtes Route de vatimont Herny,HERNY,57580,57,02 August 2026,,
646,Fêtes locales,fête patronale,village Herny,HERNY,57580,57,02 August 2026,,
647,Manifestations Automobiles,AUTO RETRO HERNY,D74 STADE DE FOOT,HERNY,57580,57,02 August 2026,,
648,"Randonnées, Trail ou Running",triathlon du lac,,MITTERSHEIM -,57930,57,02 August 2026,,
649,Théatres,Blabla cons,,METZ -,57000,57,06 August 2026,,
650,Fêtes locales,Fête du mouton,Marspich Hayange,HAYANGE,57700,57,08 August 2026,,
651,Fêtes locales,FETE PATRONALE,Montrequienne Rurange-lès-Thionville,RURANGE-LES-THIONVILLE,57310,57,08 August 2026,,
652,Fêtes locales,FÊTE PATRONALE : Aube en fête,Village Aube,AUBE,57580,57,15 August 2026,,
653,Bourses,Bourse aux livres,place d'armes,METZ,57000,57,15 August 2026,,
654,Manifestations Automobiles,fête du Tracteur,,MITTERSHEIM -,57930,57,15 August 2026,,
655,Fêtes locales,Fête patronale,Village Sainte-Marie-aux-Chênes,SAINTE-MARIE-AUX-CHENES,57118,57,15 August 2026,,
656,Fêtes médiévales,Fête et Marché médiéval,Sierck-les-Bains,SIERCK-LES-BAINS,57480,57,15 August 2026,,
657,Messes,FÊTE DE MARIENFLOSS,Nativité la Bienheureuse Vierge Marie,SIERCK-LES-BAINS,57480,57,15 August 2026,,
658,Vide-greniers,Vide-greniers et marché aux puces,,STIRING-WENDEL -,57350,57,15 August 2026,,
659,Messes,Horaire messe 15 aout,VILLERS STONCOURT,VILLERS-STONCOURT,57530,57,15 August 2026,,
660,Théatres,Sexfriends,,METZ -,57000,57,20 August 2026,,
661,Vide-greniers,PUCES DE LA MIRABELLE,Parc des Expositions de Metz Métropole,METZ,57000,57,23 August 2026,,
662,Tournois,CHALLENGE DES FAÏENCIERS,CHALLENGE DES FAÏENCIERS 57200 Sarreguemines,SARREGUEMINES,57200,57,29 August 2026,30 August 2026,
663,Fêtes locales,Fête Patronale,1 rue du soleil Soetrich village,HETTANGE-GRANDE,57330,57,05 September 2026,,
664,Fêtes locales,FÊTE DE L'EAU,57070 Metz,METZ,57000,57,05 September 2026,,
665,Brocantes,Foire de la Sainte-Barbe,"Freyming-merlebach(57800) - Moselle (Lorraine) - Quartier Merlebach, Rue Kloster",FREYMING-MERLEBACH,57800,57,06 September 2026,,
666,Fêtes locales,&#128055; FÊTE DU COCHON,Place de la Résistance et de la Déportation 57700 Hayange,HAYANGE,57700,57,06 September 2026,,
667,Brocantes,Brocante et vide-greniers à Rodemack,place de la porte de sierck,RODEMACK,57570,57,06 September 2026,,
668,Vide-greniers,Vide-greniers de la fête du coquelet,Centre du village Rurange-lès-Thionville,RURANGE-LES-THIONVILLE,57310,57,06 September 2026,,
669,Humour et one (wo)man show,Sophie belvisi dans alzhei mere,,METZ -,57000,57,09 September 2026,,
670,Fêtes locales,Fête patronale,Centre ville Bousse,BOUSSE,57310,57,12 September 2026,13 September 2026,
671,Concerts,LA COKA NOSTRA + INVITES,,MEISENTHAL -,57960,57,12 September 2026,,
672,Fêtes locales,Fête des Bulbes,Jardin pour la Paix Rue Saint Augustin 57230 Bitche,BITCHE,57230,57,13 September 2026,,
673,Brocantes,Déballage de la pré-rentrée,"Freyming-merlebach(57800) - Moselle (Lorraine) - Quartier Merlebach, Rue Kloster",FREYMING-MERLEBACH,57800,57,13 September 2026,,
674,Fêtes,Fête de la Pomme de Terre,Place Saint-Michel,WOELFLING-LES-SARREGUEMINES,57200,57,13 September 2026,,
675,Classique et opera,Monroe,,METZ -,57000,57,17 September 2026,,
676,Concerts,MYRATH,,METZ -,57000,57,17 September 2026,,
677,Théatres,Celibataires,,METZ -,57000,57,17 September 2026,,
678,Concerts,MONROE,,METZ -,57000,57,17 September 2026,,
679,Concerts,Myrath,,METZ -,57000,57,17 September 2026,,
680,Spectacles,"MONTE-CRISTO, LE SPECTACLE MUSICAL",,AMNEVILLE -,57360,57,18 September 2026,,
681,Humour et one (wo)man show,The jeff panacloc company,,METZ -,57000,57,18 September 2026,,
682,Foires,Foire d'automne,Cœur de ville Dieuze,DIEUZE,57260,57,18 September 2026,,
683,Spectacles,THE JEFF PANACLOC COMPANY,,METZ -,57000,57,18 September 2026,,
684,Spectacles,Monte Cristo,Le Galaxie Amnéville Rue des Artistes 57360 AMNÉVILLE,AMNEVILLE,57360,57,19 September 2026,23 January 2027,
685,Spectacles,"MONTE-CRISTO, LE SPECTACLE MUSICAL",,AMNEVILLE -,57360,57,19 September 2026,,
686,Spectacles,"MONTE-CRISTO, LE SPECTACLE MUSICAL",,AMNEVILLE -,57360,57,19 September 2026,,
687,Concerts,Calogero,,FLORANGE -,57190,57,25 September 2026,,
688,Concerts,CALOGERO,,FLORANGE -,57190,57,25 September 2026,,
689,Salons,La foire International de Metz,,METZ -,57000,57,25 September 2026,05 October 2026,
690,Concerts,Djadja & Dinaz,Le Galaxie Amnéville Rue des Artistes 57360 AMNÉVILLE,AMNEVILLE,57360,57,26 September 2026,05 November 2026,
691,Concerts,DJADJA &amp; DINAZ,,AMNEVILLE -,57360,57,26 September 2026,,
692,Spectacle et comedie musicale,Mathieu stepson,,FREYMING-MERLEBACH -,57800,57,26 September 2026,,
693,Spectacle et comedie musicale,Les fatals picards + invites,,MEISENTHAL -,57960,57,26 September 2026,,
694,Concerts,Les Fatals Picards,Site Verrier,MEISENTHAL,57960,57,26 September 2026,,
695,Concerts,LES FATALS PICARDS + INVITES,,MEISENTHAL -,57960,57,26 September 2026,,
696,Salons,SALON AGRIMAX,"Parc des Expositions de Metz Métropole,&nbsp;rue de la Grange aux bois,&nbsp;",METZ,57000,57,26 September 2026,,
697,Concerts,Djadja & dinaz,,METZ -,57000,57,26 September 2026,,
698,Concerts,BUREAU DE CHANGE + NASTYJOE + TICKLES,,NILVANGE -,57240,57,26 September 2026,,
699,Fêtes locales,&#127822; FETE DE LA POMME,FÊTE DE LA POMME 57050 Le Ban-Saint-Martin,LE BAN-SAINT-MARTIN,57050,57,27 September 2026,,
700,Humour et one (wo)man show,Eric et quentin,,FREYMING-MERLEBACH -,57800,57,02 October 2026,,
701,Concerts,"Brel, Le Spectacle",ESPACE CONGRES ROBERT SCHUMANN 112 Rue aux Arènes 57000 METZ,METZ,57000,57,02 October 2026,05 December 2026,
702,Concerts,La colonie de vacances,,METZ -,57000,57,02 October 2026,,
703,Théatres,Le gang des chieuses,,METZ -,57000,57,02 October 2026,,
704,Concerts,Tankus,,FREYMING-MERLEBACH -,57800,57,03 October 2026,,
705,Concerts,ELMER FOOD BEAT + LES GA'COUSTIQUES,,MEISENTHAL -,57960,57,03 October 2026,,
706,Concerts,Julien lieb,,FLORANGE -,57190,57,08 October 2026,,
707,Concerts,THEA,,METZ -,57000,57,08 October 2026,,
708,Humour et one (wo)man show,Malik bentalha,,METZ -,57000,57,09 October 2026,,
709,Spectacles,MALIK BENTALHA,,METZ -,57000,57,09 October 2026,,
710,Concerts,LSD and the Search for God,,NILVANGE -,57240,57,09 October 2026,,
711,Concerts,Lsd and the search for god,,NILVANGE -,57240,57,09 October 2026,,
712,Concerts,DIDIER SUPER,,TERVILLE -,57180,57,09 October 2026,,
713,Concerts,Didier super,,TERVILLE -,57180,57,09 October 2026,,
714,Concerts,BILAL HASSANI,,METZ -,57000,57,10 October 2026,,
715,Concerts,Bilal hassani,,METZ -,57000,57,10 October 2026,,
716,Concerts,M.POKORA,,AMNEVILLE -,57360,57,11 October 2026,,
717,Concerts,M.pokora,,METZ -,57000,57,11 October 2026,,
718,Concerts,CHRISTOPHE MAE,,AMNEVILLE -,57360,57,16 October 2026,,
719,Concerts,Manu lanvin,,FREYMING-MERLEBACH -,57800,57,16 October 2026,,
720,Concerts,FFF,,METZ -,57000,57,16 October 2026,,
721,Concerts,Christophe mae,,METZ -,57000,57,16 October 2026,,
722,Concerts,Fff,,METZ -,57000,57,16 October 2026,,
723,Concerts,Georges-alain,,CREUTZWALD -,57150,57,17 October 2026,,
724,Concerts,CALOGERO,,METZ -,57000,57,17 October 2026,,
725,Concerts,DANYL,,METZ -,57000,57,17 October 2026,,
726,Concerts,Calogero,,METZ -,57000,57,17 October 2026,,
727,Concerts,Danyl,,METZ -,57000,57,17 October 2026,,
728,Concerts,"""BERGER STORY""",,METZ -,57000,57,18 October 2026,,
729,Concerts,Berger story,,METZ -,57000,57,18 October 2026,,
730,Concerts,La P'tite Fumée,Site Verrier,MEISENTHAL,57960,57,24 October 2026,,
731,Concerts,LA P'TITE FUMEE + 1ère partie,,MEISENTHAL -,57960,57,24 October 2026,,
732,Concerts,La p'tite fumee,,MEISENTHAL -,57960,57,24 October 2026,,
733,Concerts,TINA ARENA,,METZ -,57000,57,25 October 2026,,
734,Concerts,Tina arena,,METZ -,57000,57,25 October 2026,,
735,Concerts,NEJ',,AMNEVILLE -,57360,57,29 October 2026,,
736,Concerts,LEGENDARY ROCK VOICES,,METZ -,57000,57,29 October 2026,,
737,Concerts,Nej,,METZ -,57000,57,29 October 2026,,
738,Concerts,Legendary rock voices,,METZ -,57000,57,29 October 2026,,
739,Spectacle et comedie musicale,Hot wheels cascades show,,METZ -,57000,57,31 October 2026,,
740,Concerts,DR FEELGOOD + INVITES,,MEISENTHAL -,57960,57,31 October 2026,,
741,Humour et one (wo)man show,Samuel bambi,,METZ -,57000,57,01 November 2026,,
742,Spectacles,SAMUEL BAMBI,,METZ -,57000,57,01 November 2026,,
743,Foires,FOIRE DE LA SAINT THOMAS,dans les rues du centre ville,SARREGUEMINES,57200,57,04 November 2026,,
744,Théatres,Bff amies pour la vie,,METZ -,57000,57,05 November 2026,,
745,Théatres,Les femmes ont toujours raison,,METZ -,57000,57,06 November 2026,,
746,Fêtes locales,Fête Patronale,Village Gandrange - 57175,GANDRANGE,57175,57,07 November 2026,,
747,Concerts,LENAÏG + invités,,MEISENTHAL -,57960,57,07 November 2026,,
748,Concerts,SINCLAIR,,METZ -,57000,57,07 November 2026,,
749,Concerts,Sinclair,,METZ -,57000,57,07 November 2026,,
750,Expositions,Dinosaures - le voyage de bumpy,,METZ -,57000,57,07 November 2026,,
751,Concerts,LES RAMONEURS DE MENHIRS,,TERVILLE -,57180,57,07 November 2026,,
752,Concerts,Les ramoneurs de menhirs,,TERVILLE -,57180,57,07 November 2026,,
753,Concerts,Disney en concert - suivez vos reves,,METZ -,57000,57,11 November 2026,,
754,Concerts,FLORENT PAGNY,,AMNEVILLE -,57360,57,12 November 2026,,
755,Concerts,LYNDA LEMAY &amp; JEAN-FELIX LALANNE,,FLORANGE -,57190,57,12 November 2026,,
756,Concerts,Lynda lemay & jean-felix lalanne,,FLORANGE -,57190,57,12 November 2026,,
757,Concerts,ZAMDANE,,METZ -,57000,57,12 November 2026,,
758,Concerts,Zamdane,,METZ -,57000,57,12 November 2026,,
759,Concerts,Florent pagny,,METZ -,57000,57,12 November 2026,,
760,Concerts,MARTA + CARMEN SEA,,NILVANGE -,57240,57,12 November 2026,,
761,Humour et one (wo)man show,Laurent barat,,CREUTZWALD -,57150,57,13 November 2026,,
762,Humour et one (wo)man show,Super connasse,,MARLY -,57155,57,13 November 2026,,
763,Spectacle et comedie musicale,Ana popovic + invites,,MEISENTHAL -,57960,57,13 November 2026,,
764,Concerts,FLORENT PAGNY,,AMNEVILLE -,57360,57,13 November 2026,,
765,Humour et one (wo)man show,Verino,,THIONVILLE -,57100,57,13 November 2026,,
766,Concerts,POETIC LOVER TOUR,,FLORANGE -,57190,57,13 November 2026,,
767,Concerts,Poetic lover tour,,FLORANGE -,57190,57,13 November 2026,,
768,Concerts,Ana Popovic,Site Verrier,MEISENTHAL,57960,57,13 November 2026,,
769,Concerts,ANA POPOVIC + INVITES,,MEISENTHAL -,57960,57,13 November 2026,,
770,Concerts,KEZIAH JONES,,METZ -,57000,57,13 November 2026,,
771,Concerts,Keziah jones,,METZ -,57000,57,13 November 2026,,
772,Concerts,JUSTE SHANI + mona guba,,NILVANGE -,57240,57,13 November 2026,,
773,Humour et one (wo)man show,Jeremy charbonnel,,FREYMING-MERLEBACH -,57800,57,14 November 2026,,
774,Humour et one (wo)man show,Lalou,,METZ -,57000,57,14 November 2026,,
775,Concerts,Gold,,CREUTZWALD -,57150,57,14 November 2026,,
776,Théatres,Faut pas pousser papy et mamy,,MARLY -,57155,57,14 November 2026,,
777,Théatres,2 h de bonheur pour 30 ans d'emmerdes,,MARLY -,57155,57,14 November 2026,,
778,Spectacles,LALOU,,METZ -,57000,57,14 November 2026,,
779,Concerts,PIERRE DE MAERE,,METZ -,57000,57,14 November 2026,,
780,Humour et one (wo)man show,Adopte une vieille com,,MARLY -,57155,57,15 November 2026,,
781,Concerts,Claudio Capéo,Le Galaxie Amnéville Rue des Artistes 57360 AMNÉVILLE,AMNEVILLE,57360,57,19 November 2026,06 February 2027,
782,Concerts,PICHE,,METZ -,57000,57,19 November 2026,,
783,Théatres,Amants a mi temps,,METZ -,57000,57,19 November 2026,,
784,Concerts,Piche,,METZ -,57000,57,19 November 2026,,
785,Concerts,GOLDMEN,,AMNEVILLE -,57360,57,20 November 2026,,
786,Humour et one (wo)man show,On est tous le con d'un autre,,MARLY -,57155,57,20 November 2026,,
787,Concerts,SO LA LUNE,,METZ -,57000,57,20 November 2026,,
788,Concerts,Goldmen – concert 100% goldman a fgj,,METZ -,57000,57,20 November 2026,,
789,Concerts,So la lune,,METZ -,57000,57,20 November 2026,,
790,Théatres,Mars et venus,,MARLY -,57155,57,21 November 2026,,
791,Concerts,AXEL BAUER - GRAND 8,,MEISENTHAL -,57960,57,21 November 2026,,
792,Concerts,BELINDA DAVIDS,,METZ -,57000,57,21 November 2026,,
793,Concerts,Belinda davids-tribute whitney houston,,METZ -,57000,57,21 November 2026,,
794,Humour et one (wo)man show,David castello-lopes,,METZ -,57000,57,22 November 2026,,
795,Spectacles,DAVID CASTELLO-LOPES,,METZ -,57000,57,22 November 2026,,
796,Bourses,Bourse aux ski du Ski Club de Sarrebourg,Gymnase Malleray à Sarrebourg,SARREBOURG,57400,57,22 November 2026,,
797,Humour et one (wo)man show,Arnaud tsamere,,METZ -,57000,57,27 November 2026,,
798,Spectacles,ARNAUD TSAMERE,,METZ -,57000,57,27 November 2026,,
799,Humour et one (wo)man show,D'jal,,METZ -,57000,57,28 November 2026,,
800,Concerts,LAURA FERRE,,CREUTZWALD -,57150,57,28 November 2026,,
801,Concerts,Laura ferre,,CREUTZWALD -,57150,57,28 November 2026,,
802,Marchés de Noël,Marché de Noël Montagnard,Espace Léon IX et en extérieur Dabo,DABO,57850,57,28 November 2026,,
803,Salons,Salon Auto Moto Classic Metz,Rue de la Grange aux Bois,METZ,57000,57,28 November 2026,,
804,Spectacles,D'JAL,,METZ -,57000,57,28 November 2026,,
805,Concerts,L'heritage goldman 2,,METZ -,57000,57,28 November 2026,,
806,Concerts,L'HERITAGE GOLDMAN 2,,METZ -,57000,57,28 November 2026,,
807,Spectacle et comedie musicale,"Brel, le spectacle",,SAINT-AVOLD -,57500,57,02 December 2026,,
808,Spectacles,"BREL, LE SPECTACLE",,SAINT-AVOLD -,57500,57,02 December 2026,,
809,Concerts,ERIC SERRA LIVE,,AMNEVILLE -,57360,57,04 December 2026,,
810,Spectacles,"BREL, LE SPECTACLE",,METZ -,57000,57,04 December 2026,,
811,Concerts,Eric serra live,,METZ -,57000,57,04 December 2026,,
812,Concerts,"Brel, le spectacle",,METZ -,57000,57,04 December 2026,,
813,Spectacles,REDOUANE BOUGHERABA,,AMNEVILLE -,57360,57,05 December 2026,,
814,Humour et one (wo)man show,Redouane bougheraba,,METZ -,57000,57,05 December 2026,,
815,Evènements Téléthon,TELETHON BOULAY-MOSELLE,TELETHON BOULAY-MOSELLE,BOULAY-MOSELLE,57220,57,05 December 2026,,
816,Concerts,billie,,METZ -,57000,57,10 December 2026,,
817,Concerts,ÃO,,NILVANGE -,57240,57,10 December 2026,,
818,Concerts,SAEZ,,AMNEVILLE -,57360,57,12 December 2026,,
819,Humour et one (wo)man show,Guihome vous detend,,METZ -,57000,57,12 December 2026,,
820,Concerts,DANAKIL,,CREUTZWALD -,57150,57,12 December 2026,,
821,Concerts,Danakil,,CREUTZWALD -,57150,57,12 December 2026,,
822,Spectacles,GUIHOME VOUS DETEND,,METZ -,57000,57,12 December 2026,,
823,Concerts,Saez,,METZ -,57000,57,12 December 2026,,
824,Concerts,DOROTHEE,,AMNEVILLE -,57360,57,13 December 2026,,
825,Concerts,BIGFLO &amp; OLI,,AMNEVILLE -,57360,57,17 December 2026,,
826,Concerts,Bigflo & oli,,METZ -,57000,57,17 December 2026,,
827,Danse,Les quatre saisons - ballet,,METZ -,57000,57,18 December 2026,,
828,Concerts,SERGIO CORTES,,METZ -,57000,57,18 December 2026,,
829,Concerts,Sergio cortes,,METZ -,57000,57,18 December 2026,,
830,Spectacles,K-POP FOREVER !,,AMNEVILLE -,57360,57,19 December 2026,,
831,Spectacle et comedie musicale,Danse avec les stars,,METZ -,57000,57,19 December 2026,,
832,Spectacle et comedie musicale,Prestation danse avec les stars,,METZ -,57000,57,19 December 2026,,
833,Spectacles,DANSE AVEC LES STARS,,METZ -,57000,57,19 December 2026,,
834,Concerts,K-pop forever !,,METZ -,57000,57,19 December 2026,,
835,Concerts,The magical music of harry potter,,CREUTZWALD -,57150,57,23 December 2026,,
836,Messes,Grosbliederstroff Saint Innocent Messe de Noel,Saint Innocent 57520 Grosbliederstroff,GROSBLIEDERSTROFF,57520,57,24 December 2026,,
837,Loisirs et tourisme,Escape hunt - metz,,JOUY-AUX-ARCHES -,57130,57,31 December 2026,,
838,Parc,Parc animalier de sainte-croix,,RHODES -,57810,57,31 December 2026,,
839,Concerts,Jonathan Dassin,ESPACE CONGRES ROBERT SCHUMANN 112 Rue aux Arènes 57000 METZ,METZ,57000,57,07 January 2027,07 February 2027,
840,Danse,Le lac des cygnes,,METZ -,57000,57,08 January 2027,,
841,Spectacles,Madagascar : Une Aventure Musicale,ESPACE CONGRES ROBERT SCHUMANN 112 Rue aux Arènes 57000 METZ,METZ,57000,57,09 January 2027,04 April 2027,
842,Spectacle et comedie musicale,Madagascar une aventure musicale,,METZ -,57000,57,10 January 2027,,
843,Spectacles,MADAGASCAR,,METZ -,57000,57,10 January 2027,,
844,Festivals,Festival mondial de la magie,,METZ -,57000,57,10 January 2027,,
845,Spectacles,MADAGASCAR,,METZ -,57000,57,10 January 2027,,
846,Concerts,KEEN'V,,AMNEVILLE -,57360,57,14 January 2027,,
847,Concerts,Keen'v,,METZ -,57000,57,14 January 2027,,
848,Concerts,Il était une fois... Ennio Morricone &amp; Nino Rota,,AMNEVILLE -,57360,57,16 January 2027,,
849,Spectacles,BERNARD MABILLE SE DEVOILE !,,FLORANGE -,57190,57,16 January 2027,,
850,Concerts,LAURENT VOULZY,,METZ -,57000,57,16 January 2027,,
851,Concerts,Il etait une fois...,,METZ -,57000,57,16 January 2027,,
852,Concerts,Laurent voulzy en concert,,METZ -,57000,57,16 January 2027,,
853,Salons,Richement BIÈRE,,RICHEMONT -,57270,57,16 January 2027,,
854,Concerts,LES ETOILES DU CIRQUE DE PEKIN - ODYSSEE,,AMNEVILLE -,57360,57,21 January 2027,,
855,Concerts,Magali ripoll,,CREUTZWALD -,57150,57,21 January 2027,,
856,Cirques,Les etoiles du cirque de pekin - odyssee,,METZ -,57000,57,21 January 2027,,
857,Concerts,Garou,,THIONVILLE -,57100,57,22 January 2027,,
858,Spectacles,Mask Singer,Le Galaxie Amnéville Rue des Artistes 57360 AMNÉVILLE,AMNEVILLE,57360,57,23 January 2027,07 March 2027,
859,Concerts,GENERATION CELINE,,METZ -,57000,57,23 January 2027,,
860,Concerts,Generation celine,,METZ -,57000,57,23 January 2027,,
861,Carnavals,INTRONISATION DE LA REINE CARNAVAL,RUE HENRI HOFMANN SALLE DES FÊTES 57300 Hagondange,HAGONDANGE,57300,57,24 January 2027,,
862,Spectacles,BERNARD WERBER,,METZ -,57000,57,27 January 2027,,
863,Théatres,Bernard werber,,METZ -,57000,57,27 January 2027,,
864,Concerts,DE MICHEL BERGER A FRANCE GALL - TRIBUTE,,METZ -,57000,57,28 January 2027,,
865,Concerts,CLAUDIO CAPEO,,AMNEVILLE -,57360,57,29 January 2027,,
866,Humour et one (wo)man show,Arnaud demanche,,CREUTZWALD -,57150,57,29 January 2027,,
867,Humour et one (wo)man show,Veronic dicaire,,METZ -,57000,57,29 January 2027,,
868,Spectacles,VÉRONIC DICAIRE,,METZ -,57000,57,29 January 2027,,
869,Concerts,Claudio capeo,,METZ -,57000,57,29 January 2027,,
870,Spectacles,CLEMENT VIKTOROVITCH,,AMNEVILLE -,57360,57,30 January 2027,,
871,Concerts,RFM PARTY 80,,METZ -,57000,57,30 January 2027,,
872,Théatres,TOUTE L'HISTOIRE DE LA PEINTURE,,METZ -,57000,57,30 January 2027,,
873,Concerts,Rfm party 80,,METZ -,57000,57,30 January 2027,,
874,Théatres,Toute l'histoire de la peinture,,METZ -,57000,57,30 January 2027,,
875,Humour et one (wo)man show,Naïm - chapitre 3,,METZ -,57000,57,31 January 2027,,
876,Spectacles,NAIM,,METZ -,57000,57,31 January 2027,,
877,Carte,MARINE LEONARDI,,AMNEVILLE -,57360,57,04 February 2027,,
878,Humour et one (wo)man show,Marine leonardi,,METZ -,57000,57,04 February 2027,,
879,Spectacles,THOMAS MARTY,,AMNEVILLE -,57360,57,05 February 2027,,
880,Humour et one (wo)man show,Thomas marty,,METZ -,57000,57,05 February 2027,,
881,Humour et one (wo)man show,Djamil le shlag,,FREYMING-MERLEBACH -,57800,57,06 February 2027,,
882,Concerts,MAGIC SYSTEM,,AMNEVILLE -,57360,57,06 February 2027,,
883,Spectacles,ANA GODEFROY,,FLORANGE -,57190,57,06 February 2027,,
884,Concerts,Ana godefroy,,FLORANGE -,57190,57,06 February 2027,,
885,Spectacles,Luc Langevin,Le Galaxie Amnéville Rue des Artistes 57360 AMNÉVILLE,AMNEVILLE,57360,57,07 February 2027,23 February 2027,
886,Danse,Casse-noisette - ballet et orchestre,,METZ -,57000,57,07 February 2027,,
887,Concerts,Jonathan dassin chante joe dassin,,METZ -,57000,57,07 February 2027,,
888,Concerts,JONATHAN DASSIN CHANTE JOE DASSIN,,METZ -,57000,57,07 February 2027,,
889,Spectacles,JARRY,,AMNEVILLE -,57360,57,12 February 2027,,
890,Humour et one (wo)man show,Jarry,,METZ -,57000,57,12 February 2027,,
891,Concerts,Gaëtan roussel,,METZ -,57000,57,12 February 2027,,
892,Spectacles,MASK SINGER,,AMNEVILLE -,57360,57,13 February 2027,,
893,Spectacle et comedie musicale,Mask singer,,METZ -,57000,57,13 February 2027,,
894,Humour et one (wo)man show,Tristan lopin,,METZ -,57000,57,13 February 2027,,
895,Spectacles,TRISTAN LOPIN,,METZ -,57000,57,13 February 2027,,
896,Spectacles,Luc Langevin - L'illusionniste,,AMNEVILLE -,57360,57,16 February 2027,,
897,Spectacle et comedie musicale,Luc langevin - l’illusionniste,,METZ -,57000,57,16 February 2027,,
898,Concerts,KYO,,AMNEVILLE -,57360,57,19 February 2027,,
899,Concerts,BERNARD LAVILLIERS,,METZ -,57000,57,19 February 2027,,
900,Concerts,Kyo,,METZ -,57000,57,19 February 2027,,
901,Concerts,Bernard lavilliers,,METZ -,57000,57,19 February 2027,,
902,Spectacles,NAWELL MADANI,,AMNEVILLE -,57360,57,20 February 2027,,
903,Humour et one (wo)man show,Nawell madani,,METZ -,57000,57,20 February 2027,,
904,Humour et one (wo)man show,Blandine lehout,,METZ -,57000,57,06 March 2027,,
905,Sorties Moto,Salon de la Moto,Rue de la Grange aux Bois,METZ,57000,57,06 March 2027,,
906,Spectacles,BLANDINE LEHOUT,,METZ -,57000,57,06 March 2027,,
907,Concerts,ASSASSIN,,METZ -,57000,57,06 March 2027,,
908,Concerts,Assassin,,METZ -,57000,57,06 March 2027,,
909,Humour et one (wo)man show,Liliane blanco-binette,,FLORANGE -,57190,57,10 March 2027,,
910,Spectacles,LILIANE BLANCO-BINETTE,,FLORANGE -,57190,57,10 March 2027,,
911,Spectacles,MESSMER - 13Hz,,AMNEVILLE -,57360,57,12 March 2027,,
912,Spectacle et comedie musicale,Messmer - 13hz,,METZ -,57000,57,12 March 2027,,
913,Concerts,LES FATALS PICARDS,,FLORANGE -,57190,57,12 March 2027,,
914,Concerts,Les fatals picards,,FLORANGE -,57190,57,12 March 2027,,
915,Concerts,LIO,,METZ -,57000,57,12 March 2027,,
916,Humour et one (wo)man show,Edgar-yves jr.,,METZ -,57000,57,14 March 2027,,
917,Spectacles,EDGAR-YVES JR.,,METZ -,57000,57,14 March 2027,,
918,Spectacles,CELTIC LEGENDS,,AMNEVILLE -,57360,57,17 March 2027,,
919,Spectacle et comedie musicale,Celtic legends,,METZ -,57000,57,17 March 2027,,
920,Concerts,STEVE'N'SEAGULLS,,METZ -,57000,57,18 March 2027,,
921,Concerts,Steve'n'seagulls,,METZ -,57000,57,18 March 2027,,
922,Foires,Foire de printemps,Cœur de ville Dieuze,DIEUZE,57260,57,19 March 2027,,
923,Concerts,Steve'n'Seagulls,Halle Verrière,MEISENTHAL,57960,57,19 March 2027,,
924,Concerts,STEVENSEAGULLS + INVITES,,MEISENTHAL -,57960,57,19 March 2027,,
925,Concerts,Steve'n'seagulls + invites,,MEISENTHAL -,57960,57,19 March 2027,,
926,Concerts,DUB INC,,METZ -,57000,57,19 March 2027,,
927,Concerts,Dub inc,,METZ -,57000,57,19 March 2027,,
928,Spectacles,FLASHDANCE,,AMNEVILLE -,57360,57,20 March 2027,,
929,Spectacle et comedie musicale,Flashdance - the musical,,METZ -,57000,57,20 March 2027,,
930,Concerts,Shen yun,,METZ -,57000,57,23 March 2027,,
931,Concerts,TAYC,,AMNEVILLE -,57360,57,26 March 2027,,
932,Brocantes,BRADERIE DE PÂQUES,"Freyming-merlebach(57800) - Moselle (Lorraine) - Quartier Merlebach, Rue Kloster",FREYMING-MERLEBACH,57800,57,28 March 2027,,
933,Fêtes foraines,FETE FORAINE DE PAQUES,2 Place de la Grande Armée57200 SARREGUEMINES,SARREGUEMINES,57200,57,28 March 2027,,
934,Vide-greniers,Braderie du lundi de Pâques,village 57430 Sarralbe,SARRALBE,57430,57,29 March 2027,,
935,Vide-greniers,VIDE-GRENIERS,"Sarrebourg Espace Pierre de Coubertin, rue Pierre de Coubertin",SARREBOURG,57400,57,29 March 2027,,
936,Concerts,GRAND CORPS MALADE,,AMNEVILLE -,57360,57,02 April 2027,,
937,Concerts,Grand corps malade,,METZ -,57000,57,02 April 2027,,
938,Concerts,GAUVAIN SERS,,SAINT-AVOLD -,57500,57,03 April 2027,,
939,Concerts,Gauvain sers,,SAINT-AVOLD -,57500,57,03 April 2027,,
940,Concerts,HUBERT FELIX THIEFAINE,,AMNEVILLE -,57360,57,04 April 2027,,
941,Concerts,Hubert felix thiefaine,,METZ -,57000,57,04 April 2027,,
942,Marchés aux puces,Les puces de Rech,rue du Chanoine-Goldschmitt 57430 Sarralbe,SARRALBE,57430,57,04 April 2027,,
943,Marchés aux puces,Puces de couturière,Salle polyvalente Rue des Prés Guerting,GUERTING,57880,57,07 April 2027,,
944,Humour et one (wo)man show,Laurent gerra,,METZ -,57000,57,08 April 2027,,
945,Spectacles,LAURENT GERRA,,METZ -,57000,57,08 April 2027,,
946,Concerts,PATRICK FIORI,,AMNEVILLE -,57360,57,09 April 2027,,
947,Concerts,Patrick fiori,,METZ -,57000,57,09 April 2027,,
948,Humour et one (wo)man show,Arnaud demanche,,FREYMING-MERLEBACH -,57800,57,10 April 2027,,
949,Concerts,L2B,,AMNEVILLE -,57360,57,10 April 2027,,
950,Concerts,L2b,,METZ -,57000,57,10 April 2027,,
951,Humour et one (wo)man show,Edouard deloignon,,METZ -,57000,57,17 April 2027,,
952,Spectacles,EDOUARD DELOIGNON,,METZ -,57000,57,17 April 2027,,
953,Spectacles,LES BODIN'S,,AMNEVILLE -,57360,57,23 April 2027,,
954,Humour et one (wo)man show,Les bodin's,,METZ -,57000,57,23 April 2027,,
955,Spectacles,LES BODIN'S,,AMNEVILLE -,57360,57,24 April 2027,,
956,Spectacles,LES BODIN'S,,AMNEVILLE -,57360,57,25 April 2027,,
957,"Randonnées, Trail ou Running",Semimarathon,Rue Georges Ditsch,THIONVILLE,57100,57,26 April 2027,,
958,Vide-greniers,Vide-greniers et marché aux puces,parc de la Nied,BOUZONVILLE,57320,57,01 May 2027,,
959,Marchés aux puces,Marché aux puces 1er mai,parc de la nied,BOUZONVILLE,57320,57,01 May 2027,,
960,Vide-greniers,Vide greniers,place de l'Hôtel de Ville,FORBACH,57600,57,01 May 2027,,
961,Brocantes,1er mai Brocante,Esplanade et dans le village Scy-Chazelles - 57160,SCY-CHAZELLES,57160,57,01 May 2027,,
962,Vide-greniers,Vide-greniers et marché aux puces,,TRESSANGE -,57710,57,01 May 2027,,
963,Fêtes médiévales,Tous au château de Schœneck,Au Chateau 57350 Schœneck,SCHOENECK,57350,57,01 May 2027,,
964,Fêtes locales,Fête des Fleurs et de la Nature,Centre ville et passage de l'Ancienne Synagogue Sierck-les-Bains - 57480,SIERCK-LES-BAINS,57480,57,01 May 2027,,
965,Vide-greniers,Vide-greniers et marché aux puces,,YUTZ -,57970,57,01 May 2027,,
966,Marchés de Producteurs,Marché aux Fleurs et à la décoration de jardin à RODEMACK,dans les rues du village,RODEMACK,57570,57,03 May 2027,,
967,Vide-greniers,Vide-greniers et marché aux puces,"Centre du village, rues de Metz, Château",RETONFEY,57117,57,03 May 2027,,
968,Brocantes,Foire à la brocante et à l'artisanat,Avenue de Nieppe Basse-Ham,BASSE-HAM,57110,57,08 May 2027,,
969,Vide-greniers,Braderie du 8 Mai,Place d'Armes,PHALSBOURG,57370,57,08 May 2027,,
970,Vide-greniers,Vide-greniers,Roseraie du jardin botanique Rue Poincaré Petite-Rosselle 57540 Petite-Rosselle,PETITE-ROSSELLE,57540,57,08 May 2027,,
971,Marchés de Producteurs,MARCHÉ AUX FLEURS,place du Marché Sarrebourg,SARREBOURG,57400,57,08 May 2027,,
972,Brocantes,Brocante de la Brigade des chineurs le 8 mai,rue Principale à Vilsberg,VILSBERG,57370,57,08 May 2027,,
973,Vide-greniers,vide greniers,"Salle des fêtes, 17 grand rue, 57670 Albestroff",ALBESTROFF,57670,57,vide grenier,,
974,Spectacles,GEREMY CREDEVILLE - ENCHANTEUR,,METZ -,57000,57,15 May 2027,,
975,Concerts,Geremy credeville,,METZ -,57000,57,15 May 2027,,
976,Marchés de potiers,marché de potiers,"village, 14, rue Paul-Ferry Plappeville",PLAPPEVILLE,57050,57,16 May 2027,,
977,Bourses,brocante et Salon multi-collections,Dans la salle des fêtes,HEMING,57830,57,17 May 2027,,
978,Vide-greniers,Bourse aux vêtements,,HETTANGE-GRANDE -,57330,57,24 May 2027,,
979,Fêtes locales,fête de la Rhubarbe,Montrequienne Rurange-lès-Thionville,RURANGE-LES-THIONVILLE,57310,57,24 May 2027,,
980,Manifestations Automobiles,Autos Mythiques 57 Motos de Légende,Parking E.Leclerc - 20 Route d'Arlon,THIONVILLE,57100,57,24 May 2027,,
981,Marchés,MARCHE DE LA PENTECOTE,Lemberg - 57620,LEMBERG,57620,57,25 May 2027,,
982,Vide-greniers,VIDE-GRENIER,Rue Jean Moulin 57510 PUTTELANGE AUX LACS,PUTTELANGE-AUX-LACS,57510,57,25 May 2027,,
983,Messes,FÊTE RELIGIEUSE,site de Marienfloss 57480 Sierck-les-Bains,SIERCK-LES-BAINS,57480,57,14 June 2027,,
984,Spectacle et comedie musicale,Nena + invites,,MEISENTHAL -,57960,57,02 October 2027,,
985,Concerts,NENA + INVITES,,MEISENTHAL -,57960,57,02 October 2027,,
986,Concerts,ONE NIGHT OF QUEEN,,METZ -,57000,57,05 October 2027,,
987,Concerts,One night of queen,,METZ -,57000,57,05 October 2027,,
988,Spectacle et comedie musicale,Package mask singer,,METZ -,57000,57,11 October 2027,,
989,Concerts,I GOTTA FEELING,,AMNEVILLE -,57360,57,23 October 2027,,
990,Concerts,I gotta feeling - saison 3,,METZ -,57000,57,23 October 2027,,
991,Concerts,Christophe Willem 2027,,AMNEVILLE -,57360,57,20 November 2027,,
992,Humour et one (wo)man show,Nino arial,,METZ -,57000,57,11 December 2027,,
993,Parc,Aquarium d'amneville,,METZ -,57000,57,31 December 2027,,
994,Parc,Parc zoologique d'amneville,,METZ -,57000,57,31 December 2027,,
995,Concerts,LES ANNEES 80,,AMNEVILLE -,57360,57,15 January 2028,,
996,Concerts,"Les annees 80, la tournee",,METZ -,57000,57,15 January 2028,,
997,Spectacles,PHILIPPE CAVERIVIERE,,AMNEVILLE -,57360,57,26 February 2028,,
998,Spectacles,ROMEO &amp; JULIETTE,,AMNEVILLE -,57360,57,03 March 2028,,
999,Spectacle et comedie musicale,Romeo & juliette,,METZ -,57000,57,03 March 2028,,
1000,Spectacles,ROMEO &amp; JULIETTE,,AMNEVILLE -,57360,57,04 March 2028,,
1001,Spectacles,ROMEO &amp; JULIETTE,,AMNEVILLE -,57360,57,04 March 2028,,
1002,Spectacles,ROMEO &amp; JULIETTE,,AMNEVILLE -,57360,57,05 March 2028,,
1003,Spectacle et comedie musicale,"Mousquetaire, une creation du puy du fou",,METZ -,57000,57,11 March 2028,,
